School,Teacher_Score,Pre_RI_Competence,Pre_RI_Interest,Pre_RI_Self_Recognition,Pre_RI_Recognition_ByOthers,Post_RI_Competence,Post_RI_Interest,Post_RI_Self_Recognition,Post_RI_Recognition_ByOthers,POST_CS_A1,POST_CS_A2,POST_CS_A3,POST_CS_A4,POST_CS_A5,POST_CS_A6,POST_CS_A7,POST_CS_A8,POST_CS_A9,POST_CS_A10,POST_CS_A11,POST_CS_A12,POST_CS_A13,POST_CS_A14,POST_CS_A15,POST_CS_A16,POST_CS_A17,POST_CS_A18,Pre_CS_A1,Pre_CS_A2,Pre_CS_A3,Pre_CS_A4,Pre_CS_A5,Pre_CS_A6,Pre_CS_A7,Pre_CS_A8,Pre_CS_A9,Pre_CS_A10,Pre_CS_A11,Pre_CS_A12,Pre_CS_A13,Pre_CS_A14,Pre_CS_A15,Pre_CS_A16,Pre_CS_A17,Pre_CS_A18,Pre_Final,Post_Final
1,85,11,13,12,16,9,14,12,14,1,1,1,1,1,1,1,1,1,0,1,1,1,0,1,0,1,1,0,0,0,0,1,0,1,1,0,0,0,0,0,0,0,0,1,1,5,15
1,85,13,15,15,12,13,17,15,14,1,1,1,1,1,1,1,1,0,0,1,1,1,1,1,1,0,1,1,1,1,1,1,1,1,1,0,0,1,0,1,0,1,1,0,0,12,15
1,85,14,14,12,12,12,15,11,15,1,1,1,1,1,1,1,1,1,1,1,1,1,0,1,1,0,1,1,1,1,1,1,1,1,1,0,1,1,0,1,0,1,1,0,1,14,16
1,85,17,18,18,18,15,13,18,18,1,1,1,1,1,1,1,1,1,0,1,0,1,0,1,1,1,1,1,1,0,1,1,1,1,1,0,0,1,0,0,0,1,1,1,1,12,15
1,85,10,11,15,14,8,12,7,6,1,0,1,1,1,1,1,1,1,1,1,0,1,1,1,1,1,1,1,0,1,1,1,1,1,1,0,0,1,0,1,0,1,1,1,1,13,16
1,85,16,14,16,18,13,13,17,18,1,1,1,1,1,1,1,0,1,1,1,1,1,1,1,1,1,1,1,1,1,1,1,0,1,1,0,0,1,1,1,1,1,1,1,1,15,17
1,85,14,17,18,17,13,15,18,18,1,1,1,1,1,1,1,1,0,0,1,0,1,1,1,1,1,1,1,1,1,1,1,0,1,1,0,0,1,1,1,1,1,1,0,1,14,15
1,85,12,10,9,8,13,14,15,17,1,1,1,1,1,1,1,1,1,0,1,1,1,1,1,1,0,1,1,1,1,1,1,1,1,1,1,0,1,1,1,1,1,1,1,1,17,16
1,85,16,16,13,17,15,14,14,18,1,1,1,1,1,1,1,1,1,1,1,1,1,1,1,1,0,1,1,1,1,1,1,0,1,1,0,1,1,1,1,1,1,1,0,1,15,17
1,85,13,11,15,16,14,13,17,15,1,1,1,0,1,1,1,0,0,1,1,1,1,0,1,1,0,1,1,1,1,1,1,1,1,1,0,1,0,1,1,0,0,0,1,1,13,13
1,85,12,11,16,16,10,12,17,16,1,0,1,1,1,1,1,1,0,1,1,1,1,1,1,1,0,1,1,1,1,1,1,1,1,0,0,0,1,0,1,0,1,1,0,1,12,15
1,85,9,13,17,16,11,16,16,13,1,1,1,1,1,1,1,1,1,0,1,0,1,0,1,1,1,1,1,1,1,1,1,1,1,1,0,0,1,1,1,1,1,1,0,1,15,15
1,85,18,20,18,17,17,21,17,16,1,0,1,1,1,1,1,1,1,1,1,1,1,0,1,1,1,1,1,1,1,1,1,1,1,1,0,1,1,0,1,0,1,1,1,1,15,16
1,85,12,13,10,14,12,12,15,13,0,0,0,1,1,1,1,1,0,0,0,0,1,0,0,1,1,0,0,1,0,0,1,0,1,0,0,0,0,0,1,0,1,0,1,1,7,8
1,85,7,12,12,7,8,13,13,14,1,1,1,1,1,1,1,1,0,1,1,1,1,1,1,1,1,1,1,1,1,1,1,1,1,1,0,1,1,0,1,0,0,0,0,0,11,17
1,85,14,20,16,15,16,17,14,16,1,1,1,1,1,1,1,0,1,1,1,1,1,0,1,0,1,0,1,1,1,1,1,1,1,1,1,0,1,1,1,1,1,0,0,1,15,14
1,85,15,16,14,15,12,16,15,16,1,1,1,1,1,1,1,1,0,0,1,1,1,1,1,1,0,1,1,1,1,1,1,1,1,1,1,0,1,1,1,0,1,1,1,1,16,15
1,85,12,12,13,11,12,12,16,16,1,1,1,1,1,1,1,0,0,1,1,1,1,0,1,0,1,0,1,1,1,1,1,1,1,0,1,1,1,1,1,0,1,0,0,1,14,13
1,85,14,12,14,16,13,16,16,16,1,1,1,1,1,1,1,1,1,0,1,0,1,0,1,1,0,1,1,1,1,1,1,1,1,1,1,0,1,0,1,0,1,1,1,0,14,14
1,85,18,20,16,15,15,16,16,16,1,1,1,1,1,1,1,1,0,1,1,0,1,0,1,1,1,1,1,0,1,1,1,1,1,1,1,1,1,1,1,0,1,1,1,1,16,15
1,85,14,11,13,14,10,10,13,17,1,1,1,1,1,0,1,1,0,1,0,0,0,0,1,1,0,1,1,1,1,1,1,1,0,0,0,1,1,0,1,0,0,0,0,0,9,11
1,85,15,13,13,17,16,16,15,16,1,1,1,1,1,1,1,0,0,1,1,0,1,1,1,1,0,1,1,1,1,1,1,1,1,1,1,1,1,0,1,1,1,0,0,1,15,14
1,85,9,14,11,10,11,12,12,14,1,1,1,1,1,1,1,1,0,0,1,1,0,1,1,0,0,0,1,1,1,0,1,1,1,1,0,0,1,1,1,0,1,1,1,1,14,12
1,85,13,9,16,17,14,13,11,12,1,1,1,1,0,0,1,1,0,1,1,0,1,0,0,1,1,1,1,1,1,0,1,0,1,1,0,0,0,0,1,0,1,1,0,0,9,12
1,85,12,17,13,16,14,18,17,17,1,1,1,1,1,1,1,1,1,1,1,1,1,0,1,1,1,1,1,1,1,1,1,1,1,1,0,1,1,1,1,1,1,1,0,1,16,17
1,85,8,8,7,8,9,14,8,10,0,0,0,0,1,1,1,0,0,1,0,0,0,0,1,1,0,0,1,0,1,1,1,0,1,0,0,0,1,0,1,0,1,0,0,0,8,6
1,85,20,19,18,18,18,16,18,18,1,1,1,1,1,1,1,0,0,0,1,0,0,1,0,1,1,0,0,0,0,1,1,1,1,1,0,0,1,0,1,0,0,1,0,0,8,11
1,85,11,13,15,15,9,12,11,18,1,1,1,1,1,1,1,0,1,0,1,0,1,0,0,0,0,1,1,1,1,1,1,0,1,0,0,0,0,1,1,0,1,1,0,0,10,11
1,85,14,15,16,16,13,16,18,16,1,1,1,1,1,1,1,1,0,1,1,1,1,0,0,0,0,0,1,1,1,1,1,1,1,0,0,0,1,0,0,0,1,1,0,1,11,12
1,85,14,16,18,18,15,15,18,18,1,1,0,0,0,0,1,0,0,0,0,0,0,0,0,1,0,0,0,1,0,0,0,0,1,0,0,0,0,0,0,1,0,0,0,1,4,4
1,85,13,16,17,13,7,9,6,6,1,0,0,1,0,0,0,1,0,0,0,0,0,0,0,0,0,0,0,1,1,0,0,0,0,0,0,0,0,0,0,1,0,0,0,0,3,3
1,85,15,17,16,17,17,17,15,17,0,0,1,1,1,1,0,0,0,0,1,0,1,0,1,0,1,0,1,1,1,1,1,1,1,0,0,0,1,0,1,0,0,1,1,0,11,8
1,85,14,18,16,17,16,18,18,18,0,0,0,0,1,0,1,0,0,0,0,0,0,0,0,0,0,0,0,1,0,0,1,0,1,0,0,0,1,0,1,0,0,0,0,1,6,2
1,85,14,16,18,16,12,14,18,14,1,1,0,1,1,1,1,1,0,1,0,0,1,1,1,1,0,1,0,0,1,0,1,0,1,0,1,0,1,0,1,1,1,0,0,1,9,13
1,85,9,9,6,7,7,8,8,9,1,1,1,1,1,1,1,1,0,1,1,0,1,0,0,0,0,1,1,0,1,0,1,0,1,0,0,0,1,0,0,0,0,0,0,0,5,12
1,85,12,15,15,13,10,12,8,9,0,0,1,0,1,1,1,0,0,0,1,0,0,0,1,0,0,0,1,0,0,0,1,0,1,0,0,0,0,0,1,1,0,0,0,0,5,6
1,85,15,19,16,15,18,20,18,18,1,1,1,0,1,1,1,1,0,0,1,0,1,1,0,0,1,0,1,1,0,0,1,0,1,0,0,0,0,0,1,1,0,0,0,0,6,11
1,85,16,14,10,11,14,15,15,14,1,1,1,1,1,0,1,0,0,0,1,0,1,1,0,0,1,0,1,1,0,1,0,0,1,1,0,1,0,0,1,0,0,0,0,1,8,10
1,85,19,17,18,16,19,18,18,16,0,0,1,0,1,0,1,0,0,1,0,1,0,0,1,0,0,0,1,1,1,1,1,0,1,1,0,0,1,0,1,0,1,0,0,0,10,6
1,85,12,13,15,14,10,14,16,12,1,1,1,1,1,1,1,1,1,1,1,1,1,1,1,1,0,1,1,1,1,1,1,1,1,1,0,0,0,0,1,0,1,1,1,1,13,17
1,85,16,15,13,10,16,11,13,10,0,0,1,0,0,0,0,0,0,0,0,0,0,0,0,1,0,0,0,0,0,0,0,0,1,0,0,0,0,0,0,1,1,0,0,0,3,2
1,85,12,13,17,18,12,15,18,16,1,1,1,1,1,1,1,0,0,1,1,0,1,1,0,1,1,1,1,1,1,1,1,1,1,0,0,1,1,0,1,0,1,0,1,0,12,14
1,85,14,10,12,13,13,14,10,12,1,1,1,1,1,1,1,0,0,0,1,0,0,0,0,0,0,1,1,1,1,1,1,1,0,0,0,0,0,0,0,0,1,0,1,0,8,9
1,85,15,15,17,16,17,17,17,14,1,1,1,1,1,1,1,1,0,0,1,0,1,0,1,1,0,1,1,1,1,1,1,1,1,0,0,0,1,0,1,0,1,1,1,1,13,13
1,85,14,18,14,15,14,16,15,14,1,1,1,1,1,1,1,1,0,1,1,0,0,0,0,1,0,1,1,1,1,1,1,1,1,1,0,0,1,0,1,1,0,0,1,1,13,12
1,84,12,11,14,12,11,10,9,9,1,0,0,1,1,0,0,0,0,1,0,1,1,0,0,0,0,0,0,0,0,1,0,1,1,0,0,0,0,0,0,0,0,1,0,0,4,6
1,84,10,9,12,10,13,14,18,18,1,1,0,0,0,0,0,1,0,0,0,0,0,1,1,0,0,0,1,0,1,0,0,0,0,0,0,0,0,0,1,0,0,0,0,0,3,5
1,84,14,16,16,18,8,13,13,14,0,0,1,0,1,1,1,0,0,0,0,0,1,0,0,1,0,0,1,0,1,0,1,1,1,0,0,1,1,0,0,0,0,0,0,0,7,6
1,84,19,20,17,17,19,20,16,15,0,0,0,0,1,0,1,0,0,1,0,0,1,0,0,0,1,1,1,0,0,0,0,1,1,0,0,1,0,0,1,0,1,0,0,0,6,6
1,84,11,11,17,17,14,14,17,13,1,1,1,1,1,1,1,0,1,0,1,0,1,1,1,1,0,1,1,1,1,1,1,0,1,0,0,0,1,0,0,1,1,1,1,1,12,14
1,84,15,18,15,17,17,18,17,16,1,1,1,1,1,1,1,1,0,0,1,0,0,0,1,1,0,1,1,1,1,1,1,0,1,1,0,1,1,1,1,1,1,1,1,1,16,12
1,84,12,15,11,14,9,13,12,9,0,0,0,1,0,0,0,1,0,0,0,0,0,0,0,0,0,0,0,0,0,0,1,0,1,0,0,1,1,0,0,0,0,1,0,0,5,2
1,84,11,12,18,18,21,21,14,15,0,0,0,1,0,0,0,0,0,0,0,0,1,0,0,0,0,0,1,1,0,0,1,0,1,0,0,1,0,0,0,1,0,0,0,1,7,2
1,84,17,16,16,18,13,15,13,17,1,1,1,1,1,1,1,1,0,1,1,1,1,1,1,1,0,1,1,1,1,1,1,1,1,1,1,1,1,0,1,1,1,1,1,1,17,16
1,84,15,15,17,16,17,17,17,14,1,1,1,1,1,1,1,1,0,0,1,0,1,0,1,1,0,1,1,1,1,1,1,1,1,0,0,0,1,0,1,0,1,1,1,1,13,13
1,84,13,14,13,14,8,12,8,6,1,1,1,1,1,1,1,1,1,1,1,1,1,0,1,0,1,0,1,1,1,1,1,1,1,0,1,1,1,1,0,0,1,1,1,1,15,15
1,84,8,8,6,9,8,7,8,7,1,1,1,1,1,1,1,0,0,1,0,0,1,0,0,0,0,0,0,1,1,1,0,0,1,1,0,0,1,1,1,0,0,0,0,0,8,9
1,84,10,11,10,13,11,12,9,10,1,1,1,1,0,0,1,0,0,0,0,0,1,0,0,1,0,0,1,1,1,0,1,0,1,0,0,0,1,0,1,0,0,0,0,1,8,7
1,84,13,15,13,16,14,17,15,16,1,1,0,0,1,0,1,0,1,1,1,0,1,0,1,1,0,1,1,1,0,1,1,1,1,1,0,1,1,0,1,0,1,1,0,0,12,11
1,84,8,10,14,10,8,11,11,10,1,1,0,1,1,1,1,0,0,0,0,0,1,0,0,0,0,0,0,1,0,0,0,0,1,0,0,0,0,0,0,0,0,0,1,1,4,7
1,84,17,18,14,16,14,14,16,14,0,0,1,0,0,0,0,0,0,0,0,0,0,0,0,0,0,0,1,0,0,1,0,0,0,0,0,0,0,0,0,0,0,0,0,0,2,1
1,84,18,19,17,15,21,21,18,18,1,1,1,1,1,0,1,0,1,1,1,0,1,0,0,0,1,1,0,0,0,0,1,0,1,0,0,0,1,0,1,0,0,0,0,0,4,12
1,84,11,11,6,11,12,10,9,11,1,1,1,1,0,0,1,0,0,0,1,1,1,0,1,1,0,1,0,0,1,1,1,0,1,0,0,0,1,1,1,0,0,0,1,0,8,11
1,84,13,10,6,6,8,10,8,9,0,0,0,0,1,0,0,1,0,0,0,0,0,0,0,0,0,0,1,1,0,0,1,0,0,0,0,0,1,0,1,0,0,0,0,0,5,2
1,84,14,18,14,15,14,16,15,14,1,1,1,1,1,1,1,1,0,1,1,0,0,0,0,1,0,1,1,1,1,1,1,1,1,1,0,0,1,0,1,1,0,0,1,1,13,12
1,84,12,12,14,11,7,7,6,6,0,0,1,1,1,0,1,0,0,0,1,0,1,0,0,0,0,0,1,0,0,0,0,0,1,0,0,1,0,0,0,0,0,1,1,0,5,6
1,84,15,15,18,18,13,10,14,18,1,1,1,1,1,1,1,1,0,1,0,1,1,0,0,1,1,1,1,1,1,1,0,1,1,1,0,0,1,1,1,0,0,0,0,1,11,14
1,84,13,11,13,11,14,13,13,11,0,0,1,0,1,0,1,0,0,0,1,0,1,1,0,0,0,0,1,1,0,1,1,1,1,0,0,0,1,0,0,0,0,0,0,0,7,6
1,84,9,12,10,12,12,16,14,16,1,1,0,1,1,1,1,0,0,0,1,1,1,0,0,1,0,1,1,0,1,1,0,0,0,1,0,0,0,0,0,0,0,0,0,0,4,11
1,84,18,16,16,15,15,16,12,12,0,0,1,1,0,0,1,0,0,1,0,0,0,0,0,0,0,0,1,0,0,0,0,0,1,0,0,1,0,0,0,0,1,1,0,1,6,4
1,84,7,9,12,10,12,16,14,16,1,1,0,1,1,1,1,0,0,0,1,1,1,0,0,1,0,1,0,0,1,1,0,0,0,0,0,0,0,0,0,0,0,0,0,0,2,11
1,84,8,7,8,8,13,7,9,8,1,1,0,0,1,0,1,0,0,0,0,0,0,0,0,0,0,1,0,1,0,0,1,1,1,1,0,1,0,0,1,0,1,0,0,0,8,5
1,84,13,17,14,18,15,12,17,16,1,1,1,1,1,0,1,0,0,1,1,0,0,0,0,0,0,1,0,1,1,0,1,1,1,0,0,0,1,0,0,0,0,1,0,1,8,9
1,84,14,12,12,13,12,16,14,13,1,1,1,1,1,1,1,1,1,0,1,1,1,0,1,1,1,1,1,1,1,1,1,0,1,1,1,1,1,1,1,0,1,1,0,1,15,16
1,84,10,10,11,10,8,7,8,10,1,1,1,1,0,0,1,0,0,0,1,0,1,1,1,0,0,0,1,0,1,1,0,0,1,0,0,0,0,0,1,1,0,1,1,0,8,9
1,84,9,12,10,11,12,15,18,16,0,0,1,1,0,0,0,0,0,1,0,0,0,0,1,0,0,1,0,0,1,1,1,0,1,1,0,0,0,1,0,0,0,1,0,1,8,5
1,84,17,17,15,18,11,11,16,14,1,0,1,0,0,0,1,0,0,1,0,0,0,0,1,1,1,0,0,0,0,0,0,0,1,1,0,1,1,0,0,0,0,0,1,1,6,7
1,84,18,17,14,18,19,21,18,18,1,1,0,1,1,0,1,0,1,1,0,0,0,0,0,0,0,1,0,0,0,1,1,1,1,0,0,0,1,1,1,0,1,0,0,1,9,8
1,84,11,13,16,18,9,12,12,13,0,0,0,1,1,1,1,0,0,1,0,0,0,0,0,1,1,1,1,1,1,1,1,1,1,0,0,0,0,0,0,1,0,0,1,1,10,8
1,84,9,13,14,13,10,17,15,10,1,1,0,1,1,1,1,1,0,1,0,0,0,1,1,1,0,1,1,1,1,1,1,1,0,0,0,0,1,0,0,0,0,0,0,1,8,12
1,84,15,18,14,15,11,8,9,9,1,0,0,0,1,1,1,0,0,0,0,0,0,0,0,0,0,0,1,1,1,1,1,0,1,0,0,0,1,0,1,1,0,1,1,0,11,4
1,84,14,19,17,17,13,20,16,16,1,1,1,0,1,0,1,1,0,0,0,0,0,0,0,0,0,0,1,1,1,1,1,1,1,0,0,1,0,0,1,1,1,0,0,1,12,6
1,84,13,15,17,15,15,19,18,18,0,1,1,1,1,1,1,0,0,1,1,0,1,0,0,0,0,0,1,1,1,1,1,1,0,0,0,0,1,0,1,1,0,0,0,1,10,9
1,84,15,14,12,12,16,14,13,14,1,0,1,1,0,0,1,0,0,1,1,0,1,0,1,1,0,1,0,1,1,1,1,1,1,1,0,0,1,0,0,0,0,0,0,0,8,10
1,84,16,13,9,9,10,14,11,10,1,1,1,1,1,1,1,1,0,0,1,0,1,0,1,1,0,1,0,1,1,1,1,1,1,1,0,1,0,1,1,1,1,0,0,1,13,13
1,84,14,14,13,13,14,17,18,18,1,1,1,0,1,1,1,0,0,0,1,0,0,0,1,0,1,1,1,0,1,0,1,0,1,0,0,0,0,0,0,0,1,0,0,0,5,10
1,96,15,15,14,15,10,10,14,16,0,0,1,1,1,0,0,0,0,0,0,0,0,0,0,0,0,0,0,0,0,0,1,1,1,0,0,0,0,0,1,0,1,0,0,0,5,3
1,96,12,20,16,18,12,16,15,14,1,0,1,1,1,1,1,1,0,0,1,0,1,0,1,1,1,1,1,1,1,0,1,0,1,0,1,0,1,0,1,1,1,1,1,0,12,13
1,96,13,14,13,16,14,16,14,18,1,1,1,1,1,1,1,1,1,0,1,1,1,1,1,1,1,1,1,1,1,1,1,0,1,1,0,0,1,0,1,0,0,1,1,0,11,17
1,96,17,14,14,17,15,15,17,15,1,1,1,1,1,1,1,0,0,0,1,1,1,1,1,1,1,1,1,1,1,1,1,0,1,0,0,0,1,0,1,1,1,1,1,0,12,15
1,96,12,15,17,18,17,17,18,18,1,1,1,1,1,1,1,1,1,1,1,1,1,1,1,1,1,1,1,1,1,1,1,1,1,1,1,1,1,1,1,1,1,1,1,1,18,18
1,96,11,14,10,8,10,10,14,8,1,1,1,1,1,1,1,1,0,0,0,1,1,0,1,0,1,1,1,1,1,0,1,1,0,0,0,0,0,0,0,0,0,0,0,0,5,13
1,96,11,14,15,17,15,12,17,16,0,0,1,1,1,0,1,1,0,0,1,0,1,0,0,0,1,1,1,0,1,0,0,1,0,1,0,0,0,0,1,1,0,0,0,0,6,9
1,96,12,13,15,14,12,15,16,14,0,0,1,1,1,1,1,0,0,1,1,0,1,1,1,0,0,1,0,0,1,0,1,1,1,0,0,1,1,0,1,0,1,0,0,1,9,11
1,96,13,13,10,12,15,14,12,14,0,0,1,1,1,1,1,0,0,0,1,0,1,0,0,1,0,1,0,0,0,1,1,1,0,0,0,1,0,0,0,0,1,0,1,0,6,9
1,96,12,12,14,13,11,15,12,14,1,1,0,0,1,0,1,0,0,1,0,0,0,0,0,1,0,1,1,1,0,0,1,0,0,0,0,1,0,0,0,0,1,0,0,1,6,7
1,96,17,12,13,15,17,13,15,16,1,1,1,1,1,1,1,0,0,1,1,0,0,0,1,0,1,1,1,1,0,1,1,0,1,0,0,0,1,1,0,0,0,0,1,1,9,12
1,96,13,14,15,14,12,15,16,13,1,1,1,1,1,1,1,1,1,1,1,1,1,0,1,1,1,1,1,1,1,1,1,1,1,1,0,0,1,1,1,0,0,1,0,1,13,17
1,96,14,14,12,17,16,17,12,16,0,1,1,1,1,1,1,1,0,1,1,1,1,0,0,1,1,1,1,0,1,1,1,1,1,0,0,0,1,1,1,0,0,1,0,1,11,14
1,96,12,11,8,13,12,13,14,18,1,1,0,1,1,1,1,1,0,0,1,1,1,1,1,0,0,0,1,1,1,0,1,1,1,1,1,0,1,0,1,0,1,0,0,0,11,12
1,96,12,13,15,17,13,11,14,14,1,1,1,1,1,1,1,1,0,0,1,1,0,0,1,0,0,1,1,1,1,1,1,1,1,1,1,0,1,0,1,0,1,1,0,0,13,12
1,96,10,14,15,17,13,13,15,14,1,1,1,1,1,1,1,1,0,1,1,0,1,1,1,1,0,1,1,1,1,1,1,1,0,1,0,0,0,0,1,0,1,1,0,1,11,15
1,96,14,13,14,15,11,15,13,6,1,0,1,0,1,1,1,0,0,0,0,0,0,0,0,0,0,0,1,1,0,0,1,0,1,0,0,0,0,0,1,0,0,0,0,1,6,5
1,96,21,18,16,18,16,16,11,17,1,1,1,1,1,1,1,0,0,0,1,0,1,1,1,1,0,0,0,1,1,1,1,1,1,0,0,0,1,0,0,0,0,0,0,0,7,12
1,96,15,13,11,18,15,12,17,18,1,1,1,1,1,1,1,1,1,1,1,1,1,0,1,1,0,1,1,1,1,1,1,1,1,1,1,0,1,1,1,0,0,0,0,1,13,16
1,96,11,13,10,10,13,14,12,13,1,1,1,1,1,1,1,1,0,1,1,1,1,0,1,1,1,1,1,0,1,1,1,1,1,1,0,1,0,1,1,0,0,0,0,0,10,16
1,96,19,20,18,16,18,20,15,15,0,0,0,0,1,0,0,0,0,0,1,0,0,0,0,0,0,0,1,1,1,0,1,0,0,0,0,1,0,0,1,0,0,0,0,0,6,2
1,96,11,14,15,11,11,14,10,9,1,1,1,1,1,1,1,1,0,1,1,0,1,1,1,1,0,0,1,1,1,1,1,0,1,1,0,0,1,0,0,0,1,1,0,0,10,14
1,96,11,14,10,11,10,11,8,6,1,1,1,1,1,1,1,1,0,1,0,0,0,1,1,1,0,0,1,1,1,0,1,1,1,1,0,0,1,0,1,1,0,1,1,0,12,12
1,96,11,10,7,7,9,8,7,9,1,1,0,1,0,0,1,1,0,0,0,0,1,0,0,0,0,0,0,1,1,1,1,0,1,0,0,0,0,0,1,0,0,0,0,0,6,6
1,96,8,11,10,8,12,15,14,13,0,0,1,1,1,0,1,1,0,0,0,0,1,0,1,0,0,0,1,0,0,0,0,1,0,1,0,1,0,0,0,0,0,1,0,0,5,7
1,96,7,8,6,8,7,7,6,8,1,0,0,0,1,0,0,0,0,0,0,0,0,0,0,0,1,0,1,0,0,0,1,1,0,0,0,0,0,0,0,0,1,1,0,0,5,3
1,96,13,13,9,14,13,16,14,17,1,0,0,0,0,1,1,0,0,1,0,1,0,1,0,1,0,0,1,0,1,0,1,0,1,0,0,1,0,0,1,0,1,0,1,1,9,7
1,96,8,12,10,8,8,13,8,6,1,1,1,0,1,1,1,1,0,0,1,0,1,0,0,0,1,0,1,1,0,0,1,0,1,0,0,1,1,0,0,0,0,1,0,0,7,10
1,96,10,10,11,11,11,10,13,11,1,1,1,1,1,1,1,0,0,1,1,0,1,0,1,0,1,1,1,1,1,1,0,1,1,0,0,0,1,0,1,0,1,1,0,0,10,13
1,96,10,12,6,12,12,14,18,18,1,1,0,0,1,1,1,0,0,0,0,0,1,0,0,0,0,0,1,1,1,0,0,0,1,0,0,0,0,0,0,0,0,0,1,1,6,6
1,96,15,12,13,18,16,19,13,18,1,1,1,1,1,1,1,1,1,1,1,1,1,0,1,1,1,1,1,1,1,1,1,1,1,1,1,1,1,1,1,0,1,1,1,1,17,17
1,96,14,15,15,14,17,17,16,16,1,1,1,1,1,1,1,0,0,0,1,0,1,1,0,0,1,0,0,0,0,1,1,0,1,1,0,0,0,0,1,1,0,0,0,0,6,11
1,96,16,16,15,17,16,17,15,16,1,1,0,0,0,0,0,0,1,0,1,0,0,0,1,0,1,1,1,1,0,0,1,0,0,1,0,1,1,0,0,0,0,0,0,0,6,7
1,96,18,17,13,15,12,16,12,12,1,1,1,1,1,0,1,1,0,1,1,0,1,0,0,1,1,0,1,1,1,0,0,0,1,0,0,0,1,0,0,0,0,0,0,1,6,12
1,96,18,15,14,18,18,16,15,17,1,1,1,1,1,1,1,0,0,0,1,1,1,1,0,1,0,1,1,1,1,1,1,1,1,1,1,0,1,0,1,1,1,1,0,1,15,13
1,96,14,16,17,15,14,15,12,13,0,0,1,0,0,0,1,0,0,0,0,1,0,1,0,1,1,0,0,0,0,0,0,0,1,0,0,0,0,0,0,0,0,0,0,1,2,6
1,96,8,12,11,12,9,15,13,12,1,1,1,1,1,1,1,1,0,1,1,0,1,1,0,0,1,0,1,1,1,1,1,1,1,1,1,1,1,1,1,1,0,1,1,0,16,13
1,96,13,15,12,13,15,16,15,17,1,1,1,1,1,1,1,1,0,1,1,1,1,1,1,1,0,1,1,1,1,1,1,1,1,1,1,1,1,1,1,1,1,1,1,1,18,16
1,96,18,20,16,18,19,20,18,18,1,0,1,0,1,1,1,0,0,1,1,1,1,0,1,0,0,1,1,0,1,1,1,0,1,1,1,1,0,0,0,1,1,0,0,1,11,11
1,96,11,13,10,10,11,13,18,18,1,1,1,1,1,1,1,0,1,1,1,0,1,1,1,1,1,0,1,1,1,1,1,0,1,0,0,0,1,1,1,0,0,0,0,1,10,15
1,96,13,12,11,10,11,17,15,11,1,1,0,0,1,1,1,1,0,1,1,0,0,0,0,0,0,0,1,1,1,1,1,1,1,0,0,0,0,0,1,0,0,0,0,1,9,8
1,96,11,14,12,16,12,13,14,16,1,1,0,1,1,1,1,0,0,0,1,1,1,0,1,0,0,0,1,1,0,1,1,1,0,1,0,0,0,0,1,0,1,1,0,0,9,10
1,96,11,15,15,15,16,15,15,16,1,1,1,1,1,0,1,1,1,1,1,1,1,0,1,1,1,1,1,1,1,1,1,0,1,1,1,0,1,1,1,0,1,1,1,1,15,16
1,96,16,18,15,17,17,16,16,16,1,0,1,1,1,1,1,0,0,1,1,0,1,0,1,1,0,1,1,1,1,1,1,0,0,1,1,1,1,1,1,0,0,0,0,1,12,12
1,76,15,18,18,15,14,18,16,14,1,1,1,0,1,1,1,1,0,1,0,0,1,1,0,0,1,1,1,1,1,0,1,0,1,1,0,0,0,0,1,0,0,1,1,0,9,12
1,76,13,14,17,18,12,18,16,14,0,1,1,0,1,0,1,0,0,1,0,0,1,0,0,0,0,1,1,0,1,0,1,0,1,0,0,1,1,0,0,1,1,0,0,1,9,7
1,76,8,14,9,10,9,12,7,11,1,1,0,1,0,1,0,0,0,0,1,0,1,0,0,0,0,0,0,1,0,0,0,0,0,0,0,0,0,0,1,0,0,0,1,0,3,6
1,76,7,12,11,12,10,11,8,9,1,1,1,1,0,0,1,0,0,0,0,0,0,0,1,0,0,0,1,0,1,1,0,0,1,0,0,0,1,0,1,1,0,0,0,0,7,6
1,76,9,13,16,12,11,17,12,7,1,1,1,1,1,1,1,0,0,0,1,0,1,0,0,0,0,0,1,1,1,1,1,0,1,0,0,0,1,1,0,0,0,0,0,0,8,9
1,76,14,15,15,17,15,18,17,16,1,0,1,1,1,1,1,0,0,0,1,1,1,1,1,1,0,1,0,1,0,0,1,0,1,1,0,0,0,0,0,1,1,0,1,1,8,13
1,76,17,19,18,18,19,19,17,18,0,1,1,1,1,1,1,1,0,0,1,0,1,0,0,0,1,0,1,0,1,1,1,0,1,0,0,0,0,0,0,1,1,0,1,1,9,10
1,76,15,19,18,18,10,15,14,17,0,0,1,1,1,1,1,0,0,0,1,0,0,1,1,0,0,0,0,1,0,1,1,0,0,0,0,0,0,0,1,0,0,1,0,0,5,8
1,76,18,19,18,17,19,20,15,15,0,1,1,1,1,1,1,0,0,0,1,0,1,0,1,1,0,1,1,0,1,0,1,1,0,1,0,0,0,0,1,0,1,1,0,0,8,11
1,76,11,13,10,9,15,12,17,16,1,1,1,1,1,0,1,0,0,1,1,0,0,0,0,0,0,1,1,1,1,0,0,0,1,0,0,1,0,0,0,0,0,0,0,0,5,9
1,76,8,12,9,12,12,14,18,16,0,0,1,1,1,1,1,0,0,1,1,1,0,0,1,0,0,0,1,1,0,0,1,0,1,1,0,1,0,0,1,0,1,0,0,1,9,9
1,76,12,17,15,14,7,9,10,14,0,1,1,1,0,1,1,0,0,1,0,1,0,0,0,0,0,0,1,0,1,0,1,0,1,1,0,0,0,0,0,0,0,0,0,0,5,7
1,76,13,15,12,16,12,14,13,17,1,1,1,1,1,1,1,0,0,1,1,0,1,0,0,0,1,0,0,0,1,0,1,1,1,1,0,0,0,0,0,0,0,0,0,0,5,11
1,76,15,13,10,13,16,13,15,15,1,1,1,1,1,1,1,0,0,0,0,0,1,0,1,0,0,1,1,0,1,1,1,1,1,0,0,0,1,0,1,1,1,1,0,0,11,10
1,76,7,7,6,8,8,12,9,8,1,1,0,1,1,0,1,1,0,1,0,0,1,1,0,0,0,0,1,1,1,1,1,0,1,1,0,0,0,0,1,0,0,0,0,1,9,9
1,76,17,18,16,18,18,15,14,16,1,1,1,0,1,1,1,0,0,0,1,0,1,1,0,0,0,0,1,1,1,0,1,0,1,0,0,1,0,0,0,0,0,1,0,0,7,9
1,76,12,19,15,14,11,16,15,14,1,1,1,1,1,1,1,0,0,0,0,0,1,0,1,0,1,1,1,1,1,1,1,0,1,0,0,0,0,0,0,1,0,0,0,1,8,11
1,76,14,14,13,12,20,14,13,14,1,0,1,1,1,1,1,0,0,1,1,1,1,1,1,0,1,1,1,1,1,1,1,0,1,0,0,1,1,1,1,0,0,0,1,1,12,14
1,76,17,18,14,14,14,11,10,17,1,1,0,1,0,1,1,0,1,0,1,0,1,0,1,0,0,0,1,1,1,1,1,0,1,0,0,1,0,0,1,0,1,0,0,0,9,9
1,76,12,10,13,13,11,12,6,6,0,1,0,0,0,0,1,1,0,0,0,0,1,1,1,0,0,0,1,1,0,1,1,0,0,0,0,0,0,0,0,1,0,0,1,0,6,6
1,76,13,10,14,14,13,12,16,14,1,1,0,1,1,1,1,1,1,0,0,0,1,0,1,1,0,0,1,1,1,0,1,0,1,0,0,0,0,0,1,0,0,1,0,1,8,11
1,76,16,14,14,14,14,14,12,12,1,1,1,1,1,1,1,1,0,1,0,0,1,0,0,0,1,0,1,1,1,1,1,1,1,0,0,0,1,1,1,0,0,0,0,0,10,11
1,76,7,11,16,8,8,11,15,8,1,1,1,1,1,1,1,1,0,0,1,0,1,0,1,0,0,0,1,1,1,1,1,0,1,0,0,0,1,0,0,0,1,0,0,0,8,11
1,76,21,21,18,18,21,21,18,18,0,0,1,0,1,1,1,1,0,0,0,1,1,0,1,1,0,0,1,1,1,1,1,0,1,1,0,0,0,0,1,1,0,0,0,0,9,9
1,76,10,14,12,12,11,13,13,12,1,1,0,1,0,0,0,0,0,0,0,0,1,0,0,0,1,1,0,1,1,1,0,0,0,0,0,0,1,0,1,1,1,1,0,1,9,6
1,76,7,7,6,6,7,7,6,6,0,1,0,1,0,0,1,0,0,0,0,0,0,0,0,1,1,1,1,1,1,0,0,1,1,1,0,0,1,0,0,0,0,0,0,1,8,6
1,76,9,8,8,8,7,9,8,10,1,1,1,1,1,1,1,1,0,0,1,0,1,0,1,1,1,1,1,1,1,0,1,0,1,0,0,1,1,0,0,0,0,1,1,1,10,14
1,76,7,8,9,8,7,11,12,10,1,1,1,1,1,1,1,1,0,1,1,0,0,0,0,0,0,0,1,1,1,1,1,1,1,0,0,0,1,0,1,0,0,0,0,0,9,10
1,76,14,13,13,14,14,14,12,12,1,1,1,1,0,0,1,0,0,0,1,0,0,0,0,0,0,0,1,1,0,1,0,0,0,0,0,0,0,0,0,0,0,1,0,0,4,6
1,76,16,15,14,15,16,16,15,15,0,0,1,1,1,0,1,0,0,0,0,0,1,0,0,0,0,0,1,0,0,0,1,1,1,1,0,0,1,1,1,1,0,0,0,0,9,5
1,76,10,10,8,8,7,7,6,6,1,1,1,1,1,1,1,1,0,0,1,0,1,0,1,1,0,0,1,1,0,1,1,0,1,1,0,0,1,0,1,0,0,1,0,0,9,12
1,76,9,11,13,16,9,13,10,12,1,1,1,1,0,0,1,1,0,1,1,0,1,0,0,1,1,1,1,1,1,0,1,0,1,1,0,0,0,0,1,0,1,1,0,0,9,12
1,76,13,13,13,13,10,11,13,11,1,1,1,1,1,0,1,0,1,0,1,0,1,0,1,1,1,1,1,1,0,0,1,0,1,0,0,0,0,0,1,1,0,0,1,0,7,13
1,76,10,12,13,12,8,10,8,9,0,0,0,0,0,0,0,0,0,0,0,0,1,1,1,0,0,0,0,1,0,0,1,1,0,0,1,0,0,0,0,0,0,0,0,0,4,3
1,76,12,16,12,18,15,15,15,16,1,1,1,1,0,0,1,1,0,1,1,0,0,0,1,0,0,0,1,1,1,1,0,0,1,1,0,0,0,1,1,1,1,1,0,0,11,9
1,76,10,8,10,14,11,14,10,15,1,0,0,1,1,1,0,0,0,0,1,0,1,0,1,0,0,0,0,0,0,0,1,0,0,1,0,0,1,0,0,1,1,0,0,1,6,7
1,76,16,12,12,13,12,14,8,10,0,0,0,1,1,1,1,0,0,1,1,1,1,0,0,0,0,1,1,0,1,1,1,0,1,0,0,1,1,0,0,0,0,0,0,0,7,9
1,76,14,16,15,15,19,19,17,17,0,1,0,0,1,0,1,0,0,0,0,0,1,0,0,0,0,0,0,0,0,0,1,0,1,1,1,1,1,0,1,1,0,0,0,0,8,4
2,0,18,20,16,17,12,12,13,15,1,1,1,1,1,1,0,0,0,0,0,0,1,1,0,0,0,0,1,0,0,0,0,0,1,1,0,0,0,1,0,0,0,0,1,0,5,8
2,0,14,14,14,16,14,12,17,16,1,1,1,0,1,1,1,0,0,1,0,0,0,0,0,0,0,0,0,0,1,0,1,0,1,0,0,0,1,0,0,0,0,0,0,0,4,7
2,0,17,15,13,11,16,19,12,16,1,1,1,1,0,1,1,0,0,0,0,0,0,0,0,1,0,0,1,1,0,0,1,0,1,0,0,1,0,0,0,0,0,0,0,0,5,7
2,0,11,14,12,13,8,9,9,12,1,1,1,1,1,0,1,1,0,0,1,0,1,1,1,0,0,1,1,1,1,1,1,1,1,1,0,1,1,0,1,0,1,1,1,1,15,12
2,0,15,15,13,15,9,15,13,16,0,0,0,0,1,1,1,1,0,1,0,0,0,0,0,1,0,0,1,1,1,1,0,0,1,1,0,0,0,1,1,1,0,0,0,0,9,6
2,0,11,10,12,13,14,14,12,12,1,1,0,1,1,1,1,1,0,0,0,0,0,1,0,0,0,0,1,1,1,1,0,0,1,0,0,0,0,0,1,0,0,0,0,0,6,8
2,0,19,16,16,18,17,16,16,18,0,0,1,0,0,1,0,0,0,0,0,0,0,0,0,0,0,0,1,0,1,1,1,1,1,0,0,0,0,0,0,0,0,1,0,0,7,2
2,0,14,14,15,17,16,18,15,17,1,1,1,1,1,0,1,0,0,0,0,0,0,0,0,0,1,1,1,1,1,1,1,0,1,1,0,0,0,1,1,0,1,0,1,1,12,8
2,0,14,16,13,14,14,15,12,14,1,1,0,1,1,0,1,1,0,0,1,0,0,0,1,0,0,1,1,0,1,1,1,0,1,0,0,0,1,0,0,1,0,0,0,0,7,9
2,0,13,14,14,17,14,15,15,16,1,1,0,0,1,0,1,0,0,1,0,0,0,0,0,1,1,0,1,1,1,1,1,0,1,1,0,0,1,0,1,0,1,1,0,0,11,7
2,0,14,14,11,16,11,14,12,11,1,1,1,0,0,0,0,0,1,0,1,1,0,0,0,1,0,0,1,1,1,1,1,1,1,0,1,1,1,0,1,1,0,0,0,1,13,7
2,0,18,12,13,14,14,18,14,15,1,1,1,1,0,0,1,1,1,0,0,1,1,0,1,1,1,1,1,1,1,1,1,0,1,1,0,1,1,0,1,0,0,0,0,0,10,13
2,0,10,8,9,10,10,11,12,10,1,1,1,1,1,1,1,1,0,0,0,0,1,0,0,0,0,0,1,0,0,0,1,1,1,0,0,0,0,1,0,0,0,0,1,0,6,9
2,0,11,11,14,13,12,15,18,18,1,0,0,0,0,0,1,0,0,0,0,0,1,0,0,0,0,0,1,1,0,1,0,0,1,0,0,1,0,0,1,0,0,1,1,0,8,3
2,0,12,13,17,17,16,16,18,18,1,0,1,1,1,1,1,0,1,0,1,0,0,1,0,0,1,0,0,0,1,1,1,0,1,0,0,0,0,0,0,0,0,0,0,0,4,10
2,0,15,16,16,16,11,14,12,8,1,1,1,1,1,0,1,1,1,1,1,1,0,0,0,0,0,1,1,1,1,1,1,0,1,1,1,0,1,1,1,1,0,0,0,1,13,12
2,0,14,18,18,18,14,16,17,18,0,1,1,0,1,1,1,0,0,0,1,0,0,0,0,0,0,0,0,1,0,0,1,0,1,1,0,0,1,0,0,1,0,0,1,1,8,6
2,0,15,19,17,15,14,14,12,12,1,0,0,0,0,0,1,0,0,0,1,1,0,0,0,1,0,1,0,0,1,0,0,0,1,0,0,1,0,0,0,0,0,0,0,1,4,6
2,0,15,12,14,14,11,12,14,15,0,0,1,0,1,0,1,0,0,0,0,0,1,0,0,0,0,0,1,1,1,0,1,0,1,0,0,0,0,0,0,0,1,0,0,1,7,4
2,0,13,11,12,13,14,11,10,11,0,0,0,0,1,1,1,0,0,1,1,0,0,0,0,1,0,1,1,1,1,1,1,1,1,1,0,1,1,0,0,0,1,0,0,1,12,7
2,0,14,16,11,15,9,14,13,11,1,1,1,1,1,0,1,0,0,0,0,0,0,1,0,0,0,0,1,1,1,1,1,1,1,0,0,0,1,0,0,0,0,0,0,0,8,7
2,0,17,15,13,11,16,19,12,16,1,1,1,1,0,1,1,0,0,0,0,0,0,0,0,1,0,0,1,1,0,0,1,0,1,0,0,1,0,0,0,0,0,0,0,0,5,7
2,78,13,13,13,17,14,14,14,17,1,1,1,1,1,1,1,0,0,1,1,1,1,0,1,0,1,1,1,1,1,1,0,1,1,0,0,0,1,0,0,1,1,0,0,0,9,14
2,78,10,10,11,11,8,12,11,10,1,1,1,0,1,0,1,1,0,0,1,1,0,0,0,0,0,1,1,1,1,0,1,0,1,0,1,0,1,0,0,0,0,0,1,0,8,9
2,78,9,9,13,13,7,9,10,8,1,1,1,1,1,1,1,1,0,0,1,1,1,1,1,1,0,1,1,0,1,1,1,0,1,0,1,1,1,1,1,0,1,1,1,0,13,15
2,78,17,16,16,17,14,16,16,18,1,1,1,1,1,1,1,1,0,1,1,1,0,0,1,1,0,1,1,0,1,1,1,1,0,1,0,1,1,0,1,0,0,1,0,0,10,14
2,78,12,14,11,17,13,13,13,15,1,0,0,1,1,1,1,0,0,0,1,1,1,1,1,1,0,1,0,0,0,1,1,0,1,0,0,0,0,0,0,1,0,0,0,0,4,12
2,78,14,16,15,16,15,14,14,13,1,1,1,1,1,0,1,1,0,0,0,0,1,0,0,1,0,0,1,1,1,0,1,0,1,0,0,0,1,0,1,0,1,0,0,0,8,9
2,78,14,13,16,18,13,11,12,18,1,1,1,1,1,1,1,1,0,0,1,0,0,0,1,1,0,0,1,1,1,1,0,1,1,1,0,0,1,0,1,0,0,0,1,1,11,11
2,78,16,18,18,18,16,18,15,18,1,1,1,1,1,1,1,0,1,1,1,1,1,1,1,1,1,1,1,1,1,1,1,0,1,1,0,0,1,0,1,0,1,1,1,1,13,17
2,78,12,13,16,14,11,15,12,15,1,1,1,1,1,1,1,1,1,1,1,1,1,0,1,1,0,1,1,1,1,1,1,0,1,1,1,1,0,1,1,0,1,1,1,1,15,16
2,78,17,16,18,18,19,16,18,16,1,1,1,1,1,1,1,1,0,1,1,1,1,1,1,1,1,1,1,1,1,1,1,1,1,1,1,1,1,1,1,1,1,1,1,1,18,17
2,78,17,18,15,17,16,17,17,17,1,1,1,1,1,1,1,1,0,1,1,0,1,0,1,1,1,1,1,1,1,0,1,1,1,1,0,1,1,0,1,0,1,1,0,0,12,15
2,78,16,18,17,17,16,17,17,17,0,0,1,1,1,0,1,1,0,0,1,0,1,1,1,0,0,1,0,1,0,1,1,0,1,1,1,1,1,0,0,0,0,0,1,1,10,10
2,78,12,14,9,15,12,11,12,17,1,1,0,1,0,0,1,1,0,1,1,0,1,0,0,0,1,0,1,1,0,1,0,0,1,0,0,0,1,0,0,0,1,0,0,0,6,9
2,78,12,16,17,18,12,18,18,18,1,1,1,1,1,1,1,1,1,0,1,1,1,0,1,1,1,1,1,1,1,1,0,0,1,1,1,1,1,1,1,0,0,0,1,0,12,16
2,78,15,14,16,14,12,15,18,18,1,1,1,1,1,1,1,1,1,1,0,1,1,1,1,1,1,1,1,1,1,1,1,1,1,1,0,1,1,1,1,0,1,1,0,1,15,17
2,78,14,15,15,17,13,15,15,16,1,1,1,1,1,0,1,1,0,0,1,0,1,1,1,1,0,0,1,1,1,1,1,0,1,0,0,1,1,0,1,0,0,0,0,1,10,12
2,78,11,12,12,16,15,12,14,18,1,0,1,1,1,1,1,1,1,1,1,0,1,0,1,0,0,1,1,1,1,1,1,1,1,0,0,0,1,0,0,0,0,0,0,0,8,13
2,78,10,14,11,14,9,16,15,17,1,1,1,1,1,1,1,0,1,0,1,1,1,0,0,1,0,0,1,1,0,1,1,1,1,1,0,1,1,0,1,0,0,1,0,1,12,12
2,78,12,14,12,12,12,14,14,16,1,1,1,1,1,1,1,1,1,1,0,0,1,1,0,1,0,1,1,1,0,1,1,0,1,1,1,0,1,1,1,1,1,0,0,1,13,14
2,78,11,13,16,16,11,13,15,18,1,1,1,1,0,0,1,0,0,1,1,0,1,0,0,1,1,1,1,1,0,0,0,0,1,1,0,0,0,1,0,0,0,0,0,1,6,11
2,78,20,16,16,16,16,17,15,16,1,1,1,1,1,1,1,1,1,1,1,1,1,1,1,1,1,1,1,1,1,1,1,1,1,1,1,1,0,0,1,1,0,0,0,0,12,18
2,78,19,18,15,17,17,18,17,16,1,1,1,1,1,0,1,1,0,0,1,0,1,0,0,1,1,1,1,1,1,1,1,0,1,0,0,1,1,0,1,0,1,0,1,0,11,12
3,88,18,17,9,16,16,12,10,15,0,0,1,1,1,1,1,0,0,0,1,0,0,1,0,0,0,1,0,0,0,0,0,1,0,1,0,0,1,0,0,0,0,0,1,1,5,8
3,88,14,16,11,16,14,21,18,18,1,1,1,1,1,1,1,1,1,1,1,1,0,0,1,1,1,1,1,0,0,0,1,0,1,1,0,0,0,0,1,0,0,0,0,0,5,16
3,88,21,19,16,18,21,21,18,18,1,1,1,1,1,1,1,1,1,1,1,1,1,0,0,0,0,1,0,1,1,0,1,1,1,0,0,0,1,0,0,1,0,0,0,0,7,14
3,88,17,12,9,14,20,17,18,18,1,1,1,1,1,1,1,1,1,0,1,0,1,1,1,1,0,1,0,0,1,1,0,1,0,1,0,1,0,0,0,1,0,0,0,0,6,15
3,88,16,12,10,15,15,21,18,18,1,1,1,1,1,1,1,1,1,1,1,1,0,0,1,1,1,1,0,0,1,1,1,1,1,0,0,0,1,0,0,1,0,0,0,1,8,16
3,88,16,12,10,16,17,18,18,18,1,1,1,1,1,1,1,1,1,1,1,1,0,0,1,1,1,1,1,1,1,1,1,0,1,0,1,0,1,0,0,1,1,0,1,0,11,16
3,88,16,10,10,15,17,17,18,18,1,1,1,1,1,1,1,1,1,1,1,1,0,0,1,1,1,1,1,1,1,1,1,0,1,0,0,0,1,0,0,0,0,1,1,0,9,16
3,88,13,14,13,13,21,21,18,18,1,1,1,1,1,1,1,0,1,1,1,1,0,0,1,1,1,1,0,1,1,1,1,1,1,0,0,0,1,0,1,0,0,1,0,1,10,15
3,88,15,14,12,13,19,18,18,18,1,1,1,1,1,1,1,1,1,0,1,0,1,1,1,1,0,1,0,0,0,1,0,0,1,0,0,0,0,0,0,0,0,1,0,0,3,15
4,82,10,12,11,8,11,16,15,12,1,1,1,1,1,1,1,1,0,1,1,0,1,0,1,1,1,1,1,1,1,1,1,1,1,1,1,1,1,0,1,0,1,0,0,0,13,15
4,82,13,12,14,18,16,17,18,18,1,1,0,1,1,1,0,1,0,0,1,1,0,1,1,1,1,1,1,1,1,1,1,0,1,0,1,1,0,0,0,0,0,0,0,0,8,13
4,82,12,12,14,13,13,13,12,16,1,1,1,1,1,1,1,1,1,1,1,1,1,0,1,1,0,1,1,1,1,1,1,0,1,1,0,0,1,1,1,0,1,1,1,1,14,16
4,82,12,12,12,10,12,13,16,12,1,1,0,1,1,1,1,1,0,0,0,0,1,0,1,1,1,1,1,1,0,0,0,0,1,0,0,1,0,0,0,1,0,0,0,1,6,12
4,82,12,14,13,18,16,18,17,17,1,1,1,1,1,1,1,0,1,1,0,0,1,0,0,1,0,0,1,1,0,1,1,1,1,0,1,0,1,0,1,0,0,0,0,0,9,11
4,82,12,12,13,13,11,16,12,15,1,1,1,1,1,1,1,1,1,0,1,1,1,0,0,0,1,1,1,1,1,1,1,1,1,1,0,0,1,0,1,0,0,1,0,1,12,14
4,82,14,16,16,16,15,17,18,18,1,0,0,1,1,1,1,0,0,0,1,1,0,0,0,1,0,1,0,1,1,1,0,1,0,1,0,0,1,0,0,0,0,1,0,0,7,9
4,82,17,16,18,18,16,21,18,18,1,1,1,1,1,1,1,1,0,1,1,1,1,0,1,1,1,1,1,1,1,1,0,1,0,0,0,0,1,0,0,1,1,1,0,1,10,16
4,82,13,13,13,16,14,15,13,16,1,1,1,1,1,1,1,0,1,1,1,0,1,0,1,1,0,1,1,1,1,1,1,1,1,1,0,1,1,0,1,0,1,0,0,0,12,14
4,82,19,17,18,18,17,16,18,17,1,1,1,1,1,1,1,0,0,0,1,0,1,0,1,1,0,1,1,1,1,1,1,1,1,1,0,0,1,1,0,0,1,1,0,1,13,12
5,70,21,21,18,18,9,15,15,14,1,1,1,1,1,1,0,1,1,1,1,1,1,1,1,0,0,1,0,0,1,0,0,1,0,0,0,0,0,0,0,0,0,0,0,0,2,15
5,70,13,16,17,13,17,18,17,12,1,1,1,1,1,1,1,1,0,0,1,0,1,0,1,1,1,1,0,1,0,0,0,0,0,0,0,0,0,0,0,1,1,0,0,0,3,14
5,70,13,16,14,12,18,20,16,16,1,1,1,1,1,1,1,1,1,1,1,1,1,1,1,0,0,1,1,1,1,1,0,0,0,1,0,1,1,0,1,0,1,1,0,1,11,16
5,70,10,15,14,17,15,16,15,14,1,1,1,1,1,1,1,1,0,0,1,0,1,0,1,1,1,1,1,0,1,1,1,0,0,0,0,0,0,1,1,0,0,1,1,0,8,14
5,70,13,8,6,6,20,18,18,18,1,1,1,1,1,1,1,1,0,0,1,0,1,0,1,1,1,1,1,1,0,0,1,0,1,1,0,0,1,0,1,0,0,0,0,0,7,14
5,70,17,17,14,15,15,16,16,14,1,1,1,1,1,1,1,1,0,0,1,0,1,0,1,1,1,1,1,0,0,1,1,0,1,0,0,1,1,0,0,0,0,0,1,0,7,14
5,70,15,14,14,10,16,14,16,16,1,1,1,1,1,1,1,1,0,0,1,0,1,0,1,0,1,1,0,0,1,1,0,0,1,0,0,0,1,0,0,0,0,1,0,0,5,13
5,70,12,15,13,15,19,16,17,16,1,1,1,1,1,1,1,1,0,0,1,0,1,0,1,1,1,1,1,1,0,1,1,0,1,0,0,0,1,0,1,0,0,0,1,0,8,14
5,70,12,10,10,14,21,21,18,18,1,1,1,1,1,1,1,1,0,0,1,0,1,0,1,1,1,1,1,0,1,0,0,0,0,0,0,0,0,0,1,1,0,0,1,0,5,14
5,70,13,15,15,17,13,17,16,17,1,1,1,1,1,0,1,1,1,1,1,0,1,1,0,0,0,1,0,0,0,1,0,0,0,1,0,0,1,0,1,0,0,0,1,0,5,13
5,70,12,16,17,18,14,19,16,17,1,1,1,1,1,1,1,1,1,1,1,0,0,0,0,0,0,0,0,0,0,1,1,0,1,0,0,0,0,0,1,0,0,0,1,0,5,11
5,70,16,12,13,13,19,17,16,16,1,1,1,1,1,1,1,1,1,1,1,1,1,1,1,1,1,1,1,1,0,0,1,0,0,0,0,1,1,0,0,0,0,0,0,0,5,18
5,70,16,13,11,12,13,13,14,14,1,1,1,1,1,1,1,1,0,1,1,0,0,1,1,0,0,1,0,1,0,1,1,0,0,0,0,0,1,0,1,1,0,0,1,0,7,13
5,70,12,12,14,10,15,19,17,16,1,1,1,1,1,1,1,1,1,1,1,1,1,1,0,0,1,0,0,0,0,0,0,0,1,0,0,0,0,0,0,1,0,0,1,1,4,15
5,70,9,10,18,18,14,15,13,14,1,1,1,1,0,0,1,1,1,0,1,1,0,0,0,0,0,0,0,0,0,0,0,0,0,0,0,0,0,0,0,0,0,1,1,0,2,9
5,70,18,16,15,16,16,17,17,17,1,1,1,1,1,1,1,1,1,1,1,1,1,1,0,0,0,0,1,1,1,0,0,0,1,1,0,0,1,0,0,1,1,0,0,0,8,14
5,70,12,11,15,18,13,16,16,16,1,1,1,1,1,1,1,1,1,1,1,0,0,1,0,0,1,0,0,0,0,0,1,0,1,1,0,0,0,0,0,0,0,0,0,0,3,13
5,70,13,11,11,14,12,14,13,13,1,1,1,1,1,1,1,1,1,1,1,1,1,1,0,0,1,0,1,0,0,0,1,0,1,0,1,0,0,0,1,1,0,1,0,0,7,15
5,70,12,16,15,17,12,16,13,18,1,1,1,1,1,1,1,1,1,1,1,1,1,1,1,1,1,0,1,1,1,1,0,1,1,0,0,0,0,0,1,0,0,0,1,0,8,17
5,70,16,15,15,16,10,15,10,9,1,1,1,1,1,0,1,1,1,1,1,1,1,1,0,0,0,0,0,1,0,1,1,0,0,0,0,1,0,0,0,0,0,0,0,0,4,13
5,70,14,15,17,18,13,16,16,14,1,0,1,1,1,1,1,1,1,1,1,1,1,1,1,1,1,0,1,1,1,0,0,0,1,0,0,0,1,0,0,1,0,0,0,0,6,16
5,70,13,15,13,17,21,19,17,18,1,1,1,1,1,1,1,1,1,1,1,0,1,1,0,0,0,1,1,1,0,1,1,0,0,0,0,0,0,0,1,0,0,0,0,0,5,14
5,70,20,16,16,18,20,18,18,18,1,1,1,1,1,1,1,1,0,0,1,0,1,0,1,1,1,1,1,1,0,0,1,0,0,0,0,1,0,0,1,0,0,0,0,1,6,14
5,70,12,11,10,17,17,13,15,18,1,1,1,1,1,1,1,1,1,1,1,1,1,1,0,0,0,0,0,0,1,0,0,0,1,0,0,0,0,0,1,0,1,0,0,0,4,14
5,70,10,14,12,13,19,16,16,15,1,1,1,1,1,0,1,1,0,0,1,0,1,0,1,1,1,1,1,0,0,1,1,0,1,0,0,0,0,0,0,0,0,0,0,0,4,13
6,78,13,12,11,17,17,14,14,14,1,1,0,1,1,0,0,0,0,0,0,0,0,0,0,1,0,0,1,1,0,1,0,0,0,0,0,0,0,0,0,0,0,0,0,0,3,5
6,78,14,13,9,10,10,14,14,13,1,1,1,0,1,1,0,0,0,0,0,0,0,0,1,0,0,0,1,0,1,0,0,0,0,0,0,0,0,0,1,1,0,0,0,0,4,6
6,78,13,14,15,14,11,12,11,11,0,0,0,0,1,1,1,1,0,0,1,0,1,0,1,0,0,0,1,1,0,1,1,0,1,0,0,0,0,0,1,0,0,0,0,0,6,7
6,78,12,12,11,13,10,11,14,16,0,0,0,0,0,0,1,0,1,0,1,0,0,0,1,1,0,1,1,0,1,0,1,0,0,0,0,0,1,0,1,0,0,1,0,0,6,6
6,78,12,10,14,14,14,14,13,18,0,1,0,0,1,0,1,0,0,1,0,0,0,0,0,0,0,0,1,1,1,1,0,0,1,0,0,0,0,0,1,0,0,0,0,0,6,4
6,78,12,7,11,12,10,14,16,18,1,1,1,0,1,1,0,0,0,0,0,0,1,0,0,0,0,0,0,1,1,1,1,0,1,0,0,0,0,0,0,0,0,0,0,0,5,6
6,78,13,14,12,12,17,14,13,15,1,1,1,1,0,0,0,1,0,0,0,0,1,0,0,1,1,0,1,1,0,0,0,0,0,0,0,0,0,0,1,0,0,0,0,1,4,8
6,78,17,13,13,17,16,13,18,18,1,1,0,1,1,1,1,1,1,1,1,0,1,0,1,1,1,1,1,1,1,1,1,0,0,1,0,1,0,0,0,0,1,0,0,0,8,15
6,78,7,9,13,12,18,17,13,17,1,1,0,1,1,0,0,0,0,0,0,0,1,0,1,0,0,0,0,1,0,0,1,1,1,0,0,1,0,0,1,1,0,0,0,0,7,6
6,78,15,16,12,14,16,16,17,16,1,0,0,1,1,1,1,0,0,0,1,0,1,0,1,0,1,1,0,1,0,0,0,0,1,0,0,0,0,0,1,0,1,0,1,0,5,10
6,78,18,18,14,16,13,16,16,13,1,1,1,0,1,0,1,1,0,1,0,0,0,1,0,0,1,0,0,0,1,1,0,0,1,1,0,0,0,0,1,0,0,0,0,0,5,9
6,78,8,8,8,8,8,9,13,14,1,0,0,1,1,0,1,0,0,1,0,0,1,0,0,0,0,0,1,0,0,1,1,0,1,0,0,1,0,0,0,0,1,0,0,0,6,6
6,78,17,12,12,16,17,14,11,15,1,1,1,1,1,1,1,1,0,0,1,1,1,1,1,1,1,1,0,1,1,1,1,1,1,0,0,0,1,1,1,0,0,0,0,1,10,16
6,78,9,11,8,10,13,17,14,15,1,0,0,1,0,1,1,0,0,0,1,0,1,0,0,0,0,1,0,1,0,0,0,0,1,0,0,0,0,0,0,0,0,1,0,1,4,7
6,78,18,20,14,17,13,20,16,17,0,0,0,1,1,0,0,0,0,0,1,0,0,0,1,0,0,0,1,0,1,0,1,0,0,0,0,0,0,0,0,0,0,0,0,0,3,4
6,78,14,16,17,16,13,15,17,14,1,1,1,1,0,1,1,1,0,0,1,0,1,0,0,0,0,0,1,1,0,1,0,0,1,1,0,0,0,0,1,0,0,1,0,0,7,9
6,78,16,16,15,16,10,14,13,16,1,1,0,1,1,1,1,0,0,0,0,0,0,0,1,0,0,0,0,1,0,1,0,0,1,0,0,0,0,0,1,0,0,0,0,1,5,7
6,78,11,15,12,17,13,15,16,18,1,1,1,1,0,0,1,0,0,0,1,0,1,0,0,0,0,0,0,0,0,0,0,0,0,0,0,0,0,0,0,1,0,1,1,0,3,7
6,78,8,7,8,11,15,17,11,12,0,0,0,0,0,0,0,1,0,0,0,0,0,1,0,1,0,0,0,0,1,1,0,0,0,0,0,0,0,0,0,0,0,0,0,0,2,3
6,78,7,7,6,6,11,13,15,17,1,1,1,1,1,0,1,0,0,1,0,0,0,1,0,0,0,1,1,1,0,0,1,1,0,1,0,0,0,0,0,0,0,0,0,0,5,9
6,78,15,15,12,17,10,12,9,13,1,1,0,0,1,1,1,0,0,0,1,0,0,0,0,0,1,1,0,0,0,1,1,0,0,1,0,0,0,0,1,0,0,0,0,0,4,8
6,69,16,9,14,17,14,13,16,18,1,1,1,1,1,1,1,1,0,0,0,0,1,0,0,1,0,1,0,0,1,0,1,1,0,0,0,1,1,1,0,0,0,0,1,0,7,11
6,69,13,12,15,14,7,15,15,13,1,1,0,1,0,1,1,0,0,0,0,0,0,1,0,0,1,0,0,0,0,0,0,0,0,1,0,0,0,1,1,0,0,0,1,1,5,7
6,69,12,13,16,18,18,15,12,14,1,1,0,1,1,0,1,0,0,0,1,0,1,0,0,0,0,0,1,1,0,0,1,0,0,0,0,0,1,0,0,0,1,0,1,0,6,7
6,69,14,13,11,12,13,10,11,12,0,1,0,1,1,0,1,1,0,0,0,0,1,1,0,0,1,0,1,0,1,0,1,0,1,0,0,0,0,0,0,0,0,0,0,1,5,8
6,69,10,11,7,9,9,10,7,11,1,1,1,1,1,1,0,1,0,1,0,0,0,1,0,0,0,0,1,1,0,0,1,0,0,1,0,0,1,0,1,0,0,0,0,0,6,9
6,69,17,14,16,18,15,14,11,17,1,1,1,1,1,1,0,1,0,0,0,0,1,0,0,0,0,0,0,0,0,1,1,0,0,0,0,0,0,0,0,0,0,0,0,1,3,8
6,69,11,11,10,12,11,11,14,13,1,1,1,1,1,1,1,1,0,0,0,1,1,0,0,0,0,1,1,1,1,0,1,0,1,1,0,0,1,0,0,0,0,0,0,1,8,11
6,69,16,11,15,14,14,17,12,15,1,1,0,0,1,0,0,0,0,0,0,0,1,0,0,1,1,0,0,1,0,0,0,0,0,1,1,1,1,0,0,0,1,0,0,0,6,6
6,69,15,13,12,14,15,13,9,12,1,1,1,1,1,0,1,1,0,0,0,0,0,0,0,0,0,0,1,1,1,0,0,0,1,1,0,0,0,0,1,1,0,0,0,0,7,7
6,69,8,8,9,8,8,7,9,6,1,0,1,1,0,1,1,1,0,1,1,1,1,1,1,1,1,1,1,1,1,1,1,1,1,1,0,0,1,0,0,0,0,0,0,1,10,15
6,69,13,18,14,15,12,15,10,13,1,1,0,0,0,0,1,0,0,0,1,0,0,0,0,0,0,0,0,0,0,0,0,0,1,0,0,0,0,0,0,0,0,0,0,1,2,4
6,69,12,13,14,14,14,14,16,16,1,0,1,1,1,1,1,0,0,0,1,0,1,0,0,0,0,0,1,1,1,1,1,0,1,1,0,0,0,0,0,0,0,0,0,0,7,8
6,69,11,11,10,8,12,11,14,11,1,1,0,0,0,0,1,0,0,0,0,0,1,0,0,0,0,0,1,0,0,1,0,0,0,0,0,0,0,0,0,0,1,0,1,1,5,4
6,69,10,9,10,11,9,9,9,12,1,1,0,0,0,0,0,1,0,1,0,0,0,0,0,0,0,0,1,1,1,0,0,0,0,0,0,0,0,0,0,0,1,0,0,0,4,4
6,69,16,18,15,12,17,18,13,16,1,1,1,1,1,1,1,0,0,0,1,0,0,0,0,1,0,1,1,1,1,1,1,1,1,1,0,0,0,0,0,0,0,0,0,1,9,10
6,69,12,13,11,14,15,14,11,13,1,0,0,0,1,0,1,0,0,0,0,0,1,1,0,0,0,1,1,1,1,0,1,0,0,0,0,0,1,0,0,0,1,0,1,0,7,6
6,69,12,15,13,13,13,15,16,16,1,1,1,1,1,1,1,1,0,1,1,1,0,0,0,0,0,1,1,1,1,1,1,1,1,1,0,0,0,0,0,0,0,0,1,0,9,12
6,69,17,15,12,15,13,15,14,15,1,1,1,1,1,1,1,0,0,0,0,1,1,0,1,1,0,0,1,1,1,1,0,1,1,1,0,0,1,0,1,0,1,0,0,0,10,11
6,69,13,14,13,13,16,12,10,13,0,0,1,1,0,0,1,0,0,0,1,0,0,0,0,1,0,0,1,1,1,1,1,0,0,0,0,0,0,0,0,1,1,0,0,0,7,5
6,69,13,11,12,13,10,9,10,13,1,1,0,0,1,1,0,1,0,0,1,0,1,1,0,0,1,0,1,1,0,0,1,1,1,1,0,0,1,0,0,0,0,1,0,0,8,9
6,69,13,15,17,16,18,15,17,17,1,0,0,1,0,0,1,0,0,0,0,0,0,0,0,0,0,0,1,0,0,1,0,0,0,1,0,1,0,0,0,0,0,1,1,1,7,3
6,69,11,15,12,11,12,13,12,12,1,0,0,1,0,0,1,0,0,1,0,0,1,0,0,1,0,0,1,1,0,0,1,0,0,0,0,0,0,0,1,0,0,0,0,0,4,6
6,69,12,13,12,13,11,13,14,15,1,0,1,0,1,1,0,0,0,0,0,0,1,0,0,0,0,0,0,0,0,1,0,1,1,0,0,0,0,0,0,1,0,1,0,1,6,5
7,100,21,20,18,18,21,20,18,18,1,0,0,1,1,1,1,1,0,0,1,1,1,1,1,1,0,1,1,1,1,1,1,1,1,1,1,0,1,0,0,1,1,1,1,1,15,13
7,100,13,13,14,15,13,11,11,12,1,1,1,1,1,1,1,1,0,0,1,1,1,1,1,1,1,1,1,1,1,1,1,1,1,1,0,0,1,1,1,1,1,1,1,1,16,16
7,100,8,9,6,7,7,9,6,8,1,1,1,1,1,1,1,1,0,1,1,1,1,0,1,1,0,1,1,1,1,1,1,1,1,1,1,0,1,1,1,1,1,1,0,1,16,15
7,100,13,12,17,17,13,15,15,17,1,1,1,1,1,1,1,0,0,1,1,1,1,0,1,1,0,1,1,1,1,1,1,1,1,1,1,0,1,1,0,0,0,1,1,0,13,14
7,100,13,12,12,17,7,12,12,16,1,1,0,1,1,1,1,1,0,0,1,0,0,0,1,1,1,1,1,1,1,1,1,0,1,1,0,0,1,1,1,0,1,1,0,1,13,12
7,100,10,7,7,8,7,8,6,6,1,1,1,1,1,1,1,0,0,1,1,0,1,0,1,0,0,0,1,1,1,1,1,0,1,0,0,0,1,0,0,1,1,0,0,1,10,11
7,100,7,8,8,13,9,8,9,10,1,1,1,1,1,1,1,1,1,1,1,0,1,0,1,1,1,1,1,1,1,1,1,1,0,1,0,1,1,0,1,0,1,1,0,1,13,16
7,100,8,9,8,9,9,7,6,8,1,1,1,1,1,1,1,1,0,1,1,0,1,1,0,1,0,0,0,1,1,1,1,0,1,1,0,0,0,0,1,0,0,0,0,0,7,13
7,100,7,7,6,6,7,7,6,6,1,1,1,1,1,1,1,1,0,0,1,1,1,0,1,1,0,0,1,1,1,1,1,1,1,1,0,1,1,0,1,0,1,0,1,0,13,13
7,100,7,7,6,6,7,7,6,6,0,0,1,1,1,1,1,1,0,0,1,0,0,0,1,0,1,0,0,0,0,0,1,1,0,0,0,1,0,0,0,1,0,0,0,0,4,9
7,100,7,8,9,11,7,11,9,11,0,1,1,1,1,1,1,0,0,0,0,0,0,0,0,0,0,1,1,1,0,1,0,0,1,1,0,0,1,0,1,0,0,0,0,1,8,7
7,100,12,12,10,12,8,9,9,11,1,1,1,1,1,1,1,1,0,1,1,0,1,0,1,0,1,1,1,1,1,1,1,1,1,1,0,1,1,0,1,0,1,0,1,0,13,14
7,100,17,17,16,16,17,19,14,16,0,0,1,1,1,1,1,1,0,0,1,0,1,1,1,1,0,0,1,1,1,1,1,1,1,1,1,0,1,1,1,1,1,1,0,0,15,11
7,100,13,10,13,15,13,10,15,15,1,1,1,1,1,1,1,1,0,1,1,0,0,0,1,1,0,1,1,0,1,1,1,1,1,1,1,0,1,1,1,1,1,1,1,1,16,13
7,100,11,7,10,12,13,9,15,16,1,1,1,1,1,1,1,1,0,1,1,0,1,1,1,1,0,1,0,0,0,0,1,1,1,1,0,1,1,0,1,0,1,1,1,1,11,15
7,100,7,9,8,8,7,8,9,9,1,1,1,1,1,1,0,1,0,1,1,1,1,1,1,1,0,1,1,1,1,1,1,1,1,1,0,1,1,0,1,1,1,1,1,1,16,15
7,82,16,15,14,18,15,17,13,18,1,1,1,1,1,1,1,1,1,0,1,1,1,0,1,1,1,1,1,1,1,1,1,1,1,1,1,1,1,1,1,1,1,0,0,1,16,16
7,82,11,13,16,13,16,19,17,18,1,1,1,1,1,1,1,1,1,1,1,1,1,1,1,1,0,1,1,1,1,1,1,1,1,1,0,0,1,1,1,0,1,1,0,1,14,17
7,82,20,21,18,17,17,17,15,18,1,1,1,1,1,1,1,1,1,0,0,0,0,0,0,0,0,0,1,1,1,1,1,1,1,1,1,1,1,1,1,0,1,1,1,1,17,9
7,82,16,16,14,17,14,21,16,16,1,1,0,1,1,0,1,1,1,0,1,0,1,1,1,0,1,1,1,1,0,1,1,0,1,1,0,0,0,0,1,0,0,0,0,0,7,13
7,82,13,15,11,13,16,16,13,15,1,1,1,1,1,1,1,1,0,1,1,0,1,0,0,0,0,0,1,1,1,1,1,1,1,1,0,1,0,1,1,0,0,0,1,0,12,11
7,82,14,14,12,12,19,20,18,17,1,1,1,1,1,1,1,1,1,0,1,1,1,0,1,1,0,1,1,0,1,0,0,1,0,0,0,0,0,0,0,0,0,0,0,0,3,15
7,82,11,14,11,13,17,16,11,12,1,0,1,1,1,0,1,1,1,0,1,1,1,0,0,0,0,0,1,0,1,0,1,0,1,0,1,1,1,1,1,0,1,0,1,0,11,10
7,82,8,12,13,15,10,14,13,13,1,1,1,0,1,1,1,1,1,1,1,1,1,1,1,0,0,0,1,1,1,0,1,1,1,1,1,1,1,1,1,1,1,0,1,1,16,14
7,82,14,14,12,12,14,14,12,12,1,1,1,1,0,1,1,0,0,1,1,0,0,0,0,1,0,0,1,0,1,1,1,1,1,0,0,0,1,0,1,1,0,0,0,0,9,9
7,82,10,18,12,17,18,20,18,16,1,1,1,1,1,1,1,1,1,1,1,1,1,0,1,1,0,1,1,1,1,0,1,1,1,0,0,0,1,1,1,0,1,1,0,1,12,16
7,82,15,15,14,13,13,16,17,16,0,1,0,1,1,1,1,1,0,0,1,0,1,0,1,1,0,1,1,1,1,1,1,1,1,1,0,1,0,0,0,0,0,0,0,0,9,11
7,82,11,11,10,15,11,18,12,17,1,0,0,1,1,1,1,0,0,1,1,1,0,1,1,1,1,1,1,1,1,1,1,1,1,0,0,0,1,0,1,0,0,0,1,0,10,13
7,82,10,14,13,13,10,12,14,17,1,1,1,1,1,1,1,0,1,1,1,1,1,1,1,1,0,1,1,1,1,0,1,1,1,1,1,1,1,1,1,1,1,0,0,0,14,16
7,82,14,13,14,14,14,14,12,12,1,1,1,1,0,1,1,0,0,1,1,0,0,0,0,1,0,0,1,1,1,1,1,1,1,0,0,0,0,0,0,0,0,0,0,0,7,9
7,82,11,15,13,13,11,13,15,14,1,1,1,1,1,1,1,0,0,0,0,0,0,0,0,0,0,0,1,1,1,1,1,1,1,0,0,0,0,0,0,0,0,0,0,0,7,7
7,82,14,14,12,12,19,20,18,17,1,1,1,1,1,1,1,1,1,0,1,1,1,0,1,1,0,1,1,0,1,0,0,1,0,0,0,0,0,0,0,0,0,0,0,0,3,15
7,82,17,17,17,18,21,20,16,18,1,1,1,1,1,1,1,1,0,0,1,1,1,1,1,1,0,1,1,1,1,1,1,1,1,1,0,0,1,1,1,0,0,0,0,0,11,15
7,82,9,11,12,14,11,18,12,17,1,0,0,1,1,1,1,0,0,1,1,1,0,1,1,1,1,1,1,1,0,1,1,1,1,0,0,0,1,0,0,1,1,1,0,0,10,13
7,82,9,12,11,10,9,11,7,8,1,1,1,1,1,0,1,1,1,0,1,1,1,0,0,0,0,0,1,1,1,1,1,0,1,1,1,0,1,0,1,1,0,0,0,0,11,11
7,82,12,10,12,12,11,15,13,13,1,1,1,1,0,0,1,1,0,1,0,0,1,1,0,0,0,0,1,1,0,0,1,1,1,0,0,0,1,0,0,0,0,0,1,1,8,9
7,78,15,18,16,14,12,11,9,9,1,1,1,1,1,1,1,0,0,0,0,0,0,1,0,0,1,0,0,1,0,0,1,0,0,0,0,1,1,0,0,0,1,1,0,0,6,9
7,78,8,9,12,14,11,13,12,12,1,1,1,1,0,1,1,0,0,0,0,0,1,0,0,1,1,0,1,1,1,0,1,0,1,0,0,0,0,0,1,1,1,0,1,0,9,9
7,78,18,16,15,18,17,13,18,18,0,1,0,0,1,0,0,0,0,0,1,0,0,0,1,0,0,0,0,0,1,1,1,1,1,0,0,0,1,0,1,0,1,0,0,0,8,4
7,78,13,13,13,17,16,11,12,17,1,0,1,0,0,0,0,1,0,0,0,0,0,0,0,0,0,0,0,0,0,0,1,0,1,0,0,1,1,0,1,1,0,0,0,0,6,3
7,78,16,14,12,14,14,13,13,15,1,0,1,1,0,1,1,0,0,0,0,0,1,0,0,0,0,0,0,1,0,1,0,1,1,0,0,1,0,0,0,1,0,0,0,0,6,6
7,78,10,8,8,11,9,15,11,14,0,0,1,1,1,0,0,0,0,1,1,0,1,0,0,0,0,0,0,1,0,0,1,1,0,1,0,0,0,0,1,0,0,0,0,0,5,6
7,78,9,8,7,9,9,8,9,7,1,1,1,1,0,0,1,0,0,1,0,0,1,0,0,0,0,0,1,1,1,1,1,0,1,0,0,0,0,0,1,1,0,0,0,0,8,7
7,78,12,11,13,14,15,13,14,12,1,1,0,0,0,0,0,0,0,0,0,0,0,0,0,0,0,0,0,0,0,0,1,0,1,0,0,0,0,0,0,0,0,0,0,1,3,2
7,78,7,12,9,11,9,11,11,10,0,0,0,0,1,1,1,0,0,1,1,0,1,1,0,0,0,0,0,0,0,1,1,1,1,0,0,0,1,0,1,0,0,0,1,0,7,7
7,78,9,8,6,8,9,8,6,8,1,0,0,0,0,0,0,0,0,1,0,0,0,1,0,0,1,1,1,1,0,0,0,0,0,0,0,0,0,0,0,0,0,1,0,0,3,5
7,78,8,8,9,9,14,11,15,12,0,0,1,1,0,0,1,0,0,0,0,0,0,0,0,1,0,0,0,0,0,1,0,0,1,1,0,0,0,0,0,0,0,0,0,1,4,4
7,78,12,11,11,12,13,10,13,13,1,1,0,0,0,1,1,0,0,1,0,0,0,0,0,0,0,0,0,0,0,0,1,1,1,0,0,0,0,0,0,0,0,0,1,0,4,5
7,78,9,10,10,13,9,7,6,6,1,0,1,1,1,0,1,1,0,0,1,0,0,0,0,0,1,0,0,1,1,0,1,1,0,0,0,0,1,0,0,0,0,0,1,1,7,8
7,78,12,16,12,13,13,15,17,17,1,0,1,0,1,0,1,0,0,1,0,0,0,0,0,0,0,1,1,0,1,0,1,0,1,0,0,0,0,0,0,0,0,1,0,0,5,6
7,78,17,16,11,16,17,15,13,16,1,1,0,0,0,1,1,0,0,1,0,0,0,1,0,0,1,1,1,0,1,0,1,0,1,0,0,0,0,0,0,0,0,1,1,0,6,8
7,78,12,13,13,13,12,12,13,11,1,0,1,1,1,1,1,0,0,1,1,0,1,0,0,0,0,0,1,1,1,1,1,1,1,1,0,1,0,0,1,1,0,0,0,0,11,9
7,78,10,10,11,17,12,11,15,14,1,1,0,0,1,0,1,1,0,0,0,1,0,0,0,1,0,1,1,1,0,0,1,0,1,1,0,0,1,0,1,0,0,0,0,1,8,8
7,78,9,13,9,10,12,13,13,16,0,0,0,1,1,0,1,0,0,1,1,0,0,0,0,0,0,0,1,0,0,0,0,0,1,0,0,0,0,0,1,0,0,0,0,0,3,5
8,70,15,16,13,14,14,13,12,14,1,1,1,1,1,1,1,1,0,0,1,0,0,0,1,1,0,1,1,1,1,0,1,1,1,0,0,0,1,0,1,0,1,1,1,0,11,12
8,70,12,14,11,11,13,18,14,15,1,1,1,1,1,1,1,0,0,1,0,0,0,0,0,0,1,0,1,1,1,1,1,0,1,0,0,0,0,0,0,0,0,0,0,0,6,9
8,70,8,14,10,13,9,13,13,13,1,1,1,1,1,1,1,1,0,0,1,0,1,0,1,1,0,1,1,0,1,1,1,1,1,1,0,0,1,0,1,0,1,1,1,1,13,13
8,70,18,20,16,17,20,20,17,13,1,1,0,0,1,1,1,0,0,1,1,0,1,0,1,1,0,1,1,1,1,1,1,1,1,1,0,1,1,0,1,0,1,1,0,1,14,11
8,70,9,8,9,12,12,16,11,13,1,1,1,1,1,1,1,0,0,0,1,0,1,0,1,1,0,0,0,1,1,1,1,0,1,1,0,0,0,0,1,1,0,0,0,1,9,11
8,70,14,14,12,12,10,13,15,16,1,1,1,1,1,1,1,1,1,1,1,1,1,0,1,1,1,1,0,1,1,1,1,0,1,0,1,0,0,0,0,0,0,0,1,0,7,17
8,70,14,14,12,12,11,15,13,13,1,1,1,1,1,1,0,1,0,1,1,1,1,0,0,1,1,1,1,1,1,1,1,0,1,1,0,0,0,0,0,0,0,0,1,1,9,14
9,91,11,8,6,6,7,7,6,6,1,0,1,0,0,0,0,1,0,0,0,0,0,0,0,0,0,0,0,0,0,1,0,0,0,1,0,0,0,0,0,0,0,1,0,1,4,3
9,91,16,14,15,14,19,14,10,12,1,1,0,1,1,0,0,0,0,1,0,1,0,1,0,0,0,0,0,1,0,0,0,0,1,1,0,0,0,0,0,0,0,0,1,0,4,7
9,91,21,21,18,18,21,21,18,18,1,1,1,1,1,1,1,0,1,1,1,0,1,1,1,1,0,1,1,0,1,1,1,1,1,0,0,0,0,0,1,1,0,0,0,0,8,15
9,91,16,15,14,16,20,18,15,14,1,0,1,1,1,0,1,1,0,0,0,0,0,1,0,0,0,0,1,0,0,0,1,1,1,0,0,0,0,0,0,0,0,1,1,0,6,7
9,91,9,12,9,13,14,15,12,12,1,1,1,0,0,0,0,0,0,0,0,0,0,0,0,0,0,0,1,0,0,0,1,0,0,0,0,0,0,0,0,0,0,1,0,1,4,3
9,91,13,11,13,15,13,12,14,13,1,0,0,0,0,0,1,0,0,1,0,0,0,0,0,0,0,0,1,0,0,0,1,1,1,0,0,0,0,0,1,1,0,0,1,1,8,3
9,91,11,11,13,11,10,15,12,11,1,0,0,0,1,1,1,0,0,0,1,0,0,0,0,0,1,0,1,0,0,0,1,0,1,1,0,0,1,0,1,0,0,0,1,0,7,6
9,91,16,13,13,16,17,15,12,17,1,1,1,1,1,1,1,1,0,1,1,0,0,0,0,0,0,0,1,1,1,1,1,1,1,1,0,0,1,1,0,1,1,1,1,0,14,10
9,91,11,13,13,9,14,20,17,16,1,1,1,1,1,0,1,1,0,0,1,0,1,0,0,1,0,0,0,1,1,1,1,1,1,0,0,1,1,0,0,0,0,0,1,0,9,10
9,91,15,14,13,18,16,15,11,13,0,1,1,0,1,0,0,0,0,0,0,0,0,1,0,0,0,0,1,1,0,1,1,1,1,0,0,0,1,0,0,0,1,1,0,0,9,4
9,91,13,10,9,9,14,15,12,12,0,1,1,0,0,0,0,1,0,0,0,0,0,0,0,1,1,1,0,0,1,0,0,0,0,1,0,0,0,0,0,0,1,1,0,0,4,6
9,91,11,8,7,6,10,11,8,9,1,0,0,0,1,0,1,0,0,0,0,0,0,0,0,0,1,0,0,0,0,0,0,0,0,0,0,0,0,0,0,1,0,0,0,0,1,4
9,91,9,14,10,13,11,15,10,14,0,0,0,1,1,0,1,0,0,1,1,0,1,0,0,1,0,1,1,0,1,1,1,0,1,1,0,1,0,0,0,0,0,0,0,0,7,8
9,91,15,12,13,16,8,7,9,8,0,0,1,1,1,0,0,1,0,1,0,0,0,0,0,0,0,0,1,0,0,0,1,0,0,0,0,0,0,0,1,0,0,1,0,0,4,5
10,91,15,15,12,12,14,14,13,12,1,1,0,1,1,0,1,0,0,1,1,0,1,0,1,1,0,1,0,1,0,0,0,1,1,1,0,0,0,0,1,0,1,1,1,0,8,11
10,91,15,8,11,16,17,10,11,15,1,0,1,0,1,0,0,1,0,0,0,0,0,1,0,0,0,0,1,1,1,1,1,1,1,0,0,0,0,0,1,0,0,0,0,0,8,5
10,91,17,13,13,15,20,14,18,16,0,1,0,1,0,1,1,1,0,0,1,0,0,0,1,1,1,0,1,0,0,0,1,0,1,0,0,0,0,0,0,0,1,0,1,1,6,9
10,91,12,15,15,15,13,15,18,16,0,1,0,0,1,0,0,0,0,0,0,0,0,0,1,0,0,0,1,0,0,0,1,0,1,1,0,0,0,0,0,0,0,0,0,0,4,3
10,91,14,16,13,17,15,17,17,17,0,1,0,1,0,1,1,1,0,0,1,0,0,0,1,1,1,0,0,0,0,0,1,0,0,0,0,0,0,0,0,0,0,0,0,0,1,9
10,91,10,10,14,16,14,12,10,16,1,0,1,1,1,0,1,0,0,0,1,0,0,0,0,0,0,0,0,0,0,1,0,0,1,0,0,0,1,0,1,0,0,0,0,0,4,6
10,91,18,18,14,14,18,16,15,17,1,1,0,1,1,0,1,1,0,0,1,0,1,0,0,0,0,0,1,0,0,0,1,0,0,1,0,0,0,0,1,0,0,1,0,1,6,8
10,91,13,15,12,12,13,11,14,11,0,0,0,0,1,0,1,0,0,0,0,0,0,0,1,1,0,0,0,1,1,1,1,0,1,1,0,0,0,0,0,0,1,0,1,1,9,4
10,91,9,13,14,16,10,11,18,17,1,1,0,1,0,1,1,1,0,0,0,0,0,1,0,0,0,0,1,1,1,0,0,1,1,0,0,0,1,0,1,0,1,0,0,0,8,7
10,91,14,17,14,13,17,16,17,17,0,0,0,0,0,0,1,0,0,0,0,0,1,1,0,0,0,1,0,0,0,0,0,0,1,0,0,0,0,0,0,0,0,1,0,0,2,4
10,91,10,16,14,14,9,12,13,14,1,1,1,1,1,0,1,1,0,0,0,0,1,1,0,0,0,0,1,1,0,1,1,1,1,0,0,0,0,0,1,0,0,0,0,0,7,9
10,91,14,16,14,18,10,10,10,14,1,0,1,0,1,0,1,0,0,0,1,0,0,0,0,0,0,0,0,1,0,1,1,0,0,0,0,0,0,0,1,0,1,1,0,1,7,5
10,91,17,14,16,14,11,10,9,6,0,0,0,0,1,0,1,0,0,0,0,0,0,1,0,0,0,1,1,0,0,0,0,0,0,0,0,0,0,0,1,1,1,0,0,0,4,4
10,91,15,14,14,18,13,12,12,16,1,1,0,1,0,1,1,1,0,0,0,0,0,1,0,0,0,0,1,1,0,1,1,0,1,0,0,0,0,0,0,0,1,0,0,0,6,7
10,91,16,15,11,14,13,11,16,16,0,1,0,0,1,0,0,0,0,0,0,0,0,0,1,0,0,0,1,0,0,0,0,0,1,0,0,0,0,0,0,1,1,0,1,0,5,3
10,91,19,17,13,16,18,16,15,17,0,1,1,1,1,0,1,1,0,0,1,0,1,0,0,0,1,0,1,1,1,1,1,0,1,0,0,0,1,0,0,0,0,0,0,0,7,9
