State,School,Teacher,Gender,Ethnicity.1,Grade,PRE_CS_Q1,PRE_CS_Q2,PRE_CS_Q3,PRE_CS_Q4,PRE_CS_Q5,PRE_CS_Q7,PRE_CS_Q8,PRE_CS_Q10,PRE_CS_Q11,PRE_CS_Q13,PRE_CS_Q14,PRE_CS_Q15,PRE_CS_Q16,PRE_CS_Q17,PRE_CS_Q18,POST_CS_Q1,POST_CS_Q2,POST_CS_Q3,POST_CS_Q4,POST_CS_Q5,POST_CS_Q6,POST_CS_Q7,POST_CS_Q8,POST_CS_Q9,POST_CS_Q10,POST_CS_Q11,POST_CS_Q12,POST_CS_Q13,POST_CS_Q14,POST_CS_Q15,POST_CS_Q16,POST_CS_Q17,POST_CS_Q18,PRE_CS_Q6,PRE_CS_Q9,PRE_CS_Q12,Teacher_Score,Pre_RI_Competence,Pre_RI_Interest,Pre_RI_Self_Recognition,Pre_RI_Recognition_ByOthers,Post_RI_Competence,Post_RI_Interest,Post_RI_Self_Recognition,Post_RI_Recognition_ByOthers
1,1,1,3,6,2,4,1,4,3,1,2,4.0,1.0,4.0,4.0,2.0,2.0,1.0,2.0,2.0,2,2,3,4,1,1.0,2,4,"1.0,4.0",1.0,1.0,"2.0,3.0",3.0,1.0,1.0,1.0,2.0,2.0,2.0,1.0,"3.0,4.0",85,11,13,12,16,9,14,12,14
1,1,1,2,4,2,2,2,3,4,1,2,4.0,4.0,1.0,3.0,2.0,1.0,2.0,4.0,3.0,2,2,3,4,1,1.0,2,4,"1.0,3.0",3.0,1.0,"2.0,3.0",3.0,3.0,1.0,2.0,3.0,2.0,1.0,1.0,3.0,85,13,15,15,12,13,17,15,14
1,1,1,2,6,2,2,2,3,4,1,2,4.0,2.0,1.0,3.0,2.0,1.0,2.0,3.0,2.0,2,2,3,4,1,1.0,2,4,"1.0,4.0",2.0,1.0,"2.0,3.0",3.0,2.0,1.0,2.0,3.0,2.0,1.0,4.0,3.0,85,14,14,12,12,12,15,11,15
1,1,1,1,1,2,2,2,4,4,1,2,4.0,1.0,1.0,2.0,2.0,1.0,2.0,2.0,2.0,2,2,3,4,1,1.0,2,4,"1.0,4.0",4.0,1.0,3.0,3.0,1.0,1.0,2.0,2.0,2.0,1.0,1.0,1.0,85,17,18,18,18,15,13,18,18
1,1,1,1,4,2,2,1,3,4,1,2,4.0,3.0,1.0,3.0,4.0,1.0,2.0,2.0,2.0,2,4,3,4,1,1.0,2,4,"1.0,4.0",2.0,1.0,"2.0,4.0",3.0,3.0,1.0,2.0,2.0,2.0,1.0,"2.0,4.0","2.0,4.0",85,10,11,15,14,8,12,7,6
1,1,1,1,1,2,2,2,3,4,1,2,4.0,4.0,1.0,3.0,3.0,1.0,2.0,2.0,2.0,2,2,3,4,1,1.0,2,2,"1.0,4.0",2.0,1.0,"2.0,3.0",3.0,3.0,1.0,2.0,2.0,2.0,2.0,"2.0,3.0","2.0,3.0",85,16,14,16,18,13,13,17,18
1,1,1,1,4,2,2,2,3,4,1,2,4.0,3.0,1.0,3.0,3.0,1.0,2.0,4.0,2.0,2,2,3,4,1,1.0,2,4,4.0,3.0,1.0,3.0,3.0,3.0,1.0,2.0,2.0,2.0,2.0,3.0,"2.0,3.0",85,14,17,18,17,13,15,18,18
1,1,1,2,4,2,2,2,3,4,1,2,4.0,1.0,1.0,3.0,3.0,1.0,2.0,2.0,2.0,2,2,3,4,1,1.0,2,4,"1.0,4.0",3.0,1.0,"2.0,3.0",3.0,3.0,1.0,2.0,3.0,2.0,1.0,"1.0,4.0","2.0,3.0",85,12,10,9,8,13,14,15,17
1,1,1,2,6,2,2,2,3,4,1,2,4.0,2.0,1.0,3.0,3.0,1.0,2.0,3.0,2.0,2,2,3,4,1,1.0,2,4,"1.0,4.0",2.0,1.0,"2.0,3.0",3.0,3.0,1.0,2.0,4.0,2.0,2.0,1.0,"2.0,3.0",85,16,16,13,17,15,14,14,18
1,1,1,1,4,2,2,2,3,4,1,2,4.0,2.0,2.0,3.0,2.0,3.0,4.0,2.0,2.0,2,2,3,3,1,1.0,2,2,1.0,2.0,1.0,"2.0,3.0",3.0,2.0,1.0,2.0,3.0,2.0,1.0,"2.0,4.0","2.0,3.0",85,13,11,15,16,14,13,17,15
1,1,1,2,1,2,2,2,3,4,1,2,3.0,3.0,1.0,3.0,4.0,1.0,2.0,3.0,2.0,2,1,3,4,1,1.0,2,4,1.0,2.0,1.0,"2.0,3.0",3.0,3.0,1.0,2.0,3.0,2.0,1.0,2.0,4.0,85,12,11,16,16,10,12,17,16
1,1,1,1,2,2,2,2,3,4,1,2,4.0,1.0,1.0,3.0,3.0,1.0,2.0,3.0,2.0,2,2,3,4,1,1.0,2,4,"1.0,4.0",3.0,1.0,"3.0,4.0",3.0,2.0,1.0,2.0,2.0,2.0,1.0,"1.0,3.0","2.0,3.0",85,9,13,17,16,11,16,16,13
1,1,1,2,4,2,2,2,3,4,1,2,4.0,2.0,1.0,3.0,2.0,1.0,2.0,2.0,2.0,2,1,3,4,1,1.0,2,4,"1.0,4.0",2.0,1.0,"2.0,3.0",3.0,2.0,1.0,2.0,2.0,2.0,1.0,2.0,3.0,85,18,20,18,17,17,21,17,16
1,1,1,1,4,2,4,2,4,3,1,2,1.0,4.0,3.0,3.0,2.0,1.0,3.0,2.0,2.0,4,1,1,4,1,1.0,2,4,1.0,1.0,2.0,3.0,3.0,4.0,4.0,2.0,2.0,3.0,2.0,3.0,3.0,85,12,13,10,14,12,12,15,13
1,1,1,2,1,2,2,2,3,4,1,2,4.0,2.0,1.0,3.0,2.0,3.0,4.0,4.0,3.0,2,2,3,4,1,1.0,2,4,1.0,2.0,1.0,"2.0,3.0",3.0,3.0,1.0,2.0,2.0,2.0,1.0,1.0,"2.0,3.0,4.0",85,7,12,12,7,8,13,13,14
1,1,1,2,4,2,2,2,3,4,1,2,4.0,3.0,1.0,3.0,3.0,1.0,4.0,3.0,2.0,2,2,3,4,1,1.0,2,1,"1.0,4.0",2.0,1.0,"2.0,3.0",3.0,2.0,1.0,1.0,2.0,3.0,1.0,"1.0,4.0","2.0,3.0",85,14,20,16,15,16,17,14,16
1,1,1,1,6,2,2,2,3,4,1,2,4.0,1.0,1.0,3.0,1.0,1.0,2.0,2.0,2.0,2,2,3,4,1,1.0,2,4,"2.0,3.0",3.0,1.0,"2.0,3.0",3.0,3.0,1.0,2.0,3.0,2.0,1.0,"1.0,4.0","2.0,3.0",85,15,16,14,15,12,16,15,16
1,1,1,2,6,2,2,2,3,4,1,2,3.0,2.0,1.0,3.0,2.0,1.0,1.0,3.0,2.0,2,2,3,4,1,1.0,2,3,1.0,2.0,1.0,"2.0,3.0",3.0,2.0,1.0,1.0,2.0,3.0,1.0,"1.0,4.0","2.0,3.0",85,12,12,13,11,12,12,16,16
1,1,1,2,8,2,2,2,3,4,1,2,4.0,1.0,1.0,3.0,2.0,1.0,2.0,2.0,1.0,2,2,3,4,1,1.0,2,4,"1.0,4.0",1.0,1.0,2.0,3.0,2.0,1.0,2.0,3.0,2.0,1.0,"1.0,4.0","1.0,2.0",85,14,12,14,16,13,16,16,16
1,1,1,2,4,2,2,4,3,4,1,2,4.0,2.0,1.0,3.0,2.0,1.0,2.0,2.0,2.0,2,2,3,4,1,1.0,2,4,1.0,2.0,1.0,"2.0,4.0",3.0,2.0,1.0,2.0,2.0,2.0,1.0,"1.0,4.0","2.0,3.0",85,18,20,16,15,15,16,16,16
1,1,1,2,3,2,2,2,3,4,1,3,3.0,2.0,1.0,3.0,2.0,3.0,4.0,4.0,1.0,2,2,3,4,1,2.0,2,4,4.0,2.0,4.0,3.0,2.0,1.0,1.0,2.0,4.0,2.0,1.0,1.0,3.0,85,14,11,13,14,10,10,13,17
1,1,1,2,6,2,2,2,3,4,1,2,4.0,2.0,1.0,3.0,3.0,1.0,1.0,3.0,2.0,2,2,3,4,1,1.0,2,1,1.0,2.0,1.0,1.0,3.0,3.0,1.0,2.0,3.0,2.0,1.0,"1.0,4.0","3.0,4.0",85,15,13,13,17,16,16,15,16
1,1,1,1,4,2,2,2,3,1,1,2,4.0,1.0,1.0,3.0,1.0,1.0,2.0,2.0,2.0,2,2,3,4,1,1.0,2,4,"2.0,3.0",3.0,1.0,"2.0,3.0",1.0,3.0,1.0,4.0,4.0,3.0,1.0,"2.0,3.0","2.0,3.0",85,9,14,11,10,11,12,12,14
1,1,1,3,8,2,2,2,3,3,1,2,4.0,4.0,4.0,3.0,2.0,1.0,2.0,4.0,4.0,2,2,3,4,4,2.0,2,4,1.0,2.0,1.0,"2.0,3.0,4.0",3.0,4.0,3.0,2.0,2.0,2.0,2.0,3.0,3.0,85,13,9,16,17,14,13,11,12
1,1,1,1,9,2,2,2,3,4,1,2,4.0,2.0,1.0,3.0,3.0,1.0,2.0,3.0,2.0,2,2,3,4,1,1.0,2,4,"1.0,4.0",2.0,1.0,"2.0,3.0",3.0,2.0,1.0,2.0,2.0,2.0,1.0,"1.0,3.0","2.0,3.0",85,12,17,13,16,14,18,17,17
1,1,1,1,6,2,2,1,3,4,1,2,1.0,3.0,1.0,3.0,1.0,1.0,3.0,3.0,4.0,4,1,1,3,1,1.0,2,1,1.0,2.0,2.0,1.0,1.0,4.0,1.0,2.0,1.0,4.0,2.0,1.0,"1.0,2.0,4.0",85,8,8,7,8,9,14,8,10
1,1,1,2,8,2,4,4,4,4,1,2,4.0,1.0,1.0,3.0,1.0,3.0,2.0,3.0,1.0,2,2,3,4,1,1.0,2,1,1.0,1.0,1.0,2.0,4.0,3.0,2.0,2.0,2.0,3.0,1.0,"2.0,3.0",1.0,85,20,19,18,18,18,16,18,18
1,1,1,1,4,2,2,2,3,4,1,2,1.0,1.0,3.0,3.0,1.0,1.0,2.0,3.0,1.0,2,2,3,4,1,1.0,2,3,"1.0,4.0",1.0,1.0,4.0,3.0,4.0,2.0,4.0,1.0,2.0,2.0,"2.0,3.0","2.0,3.0",85,11,13,15,15,9,12,11,18
1,1,1,2,4,2,2,2,3,4,1,2,2.0,1.0,1.0,1.0,2.0,1.0,2.0,3.0,2.0,2,2,3,4,1,1.0,2,4,1.0,2.0,1.0,"2.0,3.0",3.0,2.0,3.0,4.0,1.0,3.0,1.0,"3.0,4.0",3.0,85,14,15,16,16,13,16,18,16
1,1,1,1,6,2,1,2,1,2,3,2,1.0,3.0,2.0,2.0,3.0,4.0,1.0,4.0,2.0,2,2,1,3,3,2.0,2,3,"2.0,4.0",3.0,2.0,"1.0,2.0",4.0,2.0,3.0,2.0,3.0,1.0,2.0,2.0,2.0,85,14,16,18,18,15,15,18,18
1,1,1,1,6,2,4,2,3,3,2,4,3.0,4.0,3.0,4.0,3.0,4.0,3.0,4.0,4.0,2,4,4,4,4,2.0,4,4,4.0,4.0,4.0,4.0,4.0,4.0,4.0,3.0,4.0,4.0,2.0,2.0,4.0,85,13,16,17,13,7,9,6,6
1,1,1,1,8,2,2,2,3,4,1,2,3.0,3.0,1.0,3.0,1.0,3.0,2.0,2.0,3.0,4,1,3,4,1,1.0,1,1,3.0,3.0,1.0,"3.0,4.0",3.0,1.0,1.0,1.0,2.0,3.0,1.0,2.0,1.0,85,15,17,16,17,17,17,15,17
1,1,1,1,6,2,4,2,4,1,1,2,3.0,1.0,1.0,3.0,4.0,4.0,1.0,4.0,2.0,4,1,4,1,1,2.0,2,3,1.0,1.0,4.0,2.0,4.0,1.0,2.0,4.0,1.0,1.0,2.0,1.0,4.0,85,14,18,16,17,16,18,18,18
1,1,1,1,3,2,4,1,3,2,1,2,1.0,4.0,1.0,3.0,3.0,1.0,1.0,3.0,2.0,2,2,1,4,1,1.0,2,4,1.0,2.0,2.0,"2.0,4.0",3.0,3.0,1.0,2.0,3.0,2.0,2.0,"1.0,4.0","3.0,4.0",85,14,16,18,16,12,14,18,14
1,1,1,2,6,2,2,3,3,1,1,2,1.0,3.0,1.0,4.0,1.0,3.0,4.0,3.0,4.0,2,2,3,4,1,1.0,2,4,1.0,2.0,1.0,1.0,3.0,2.0,4.0,3.0,4.0,2.0,2.0,4.0,"1.0,2.0",85,9,9,6,7,7,8,8,9
1,1,1,1,8,2,2,1,1,1,1,2,2.0,3.0,2.0,3.0,3.0,4.0,3.0,4.0,3.0,4,1,3,2,1,1.0,2,1,2.0,4.0,1.0,3.0,1.0,1.0,1.0,4.0,3.0,1.0,2.0,2.0,3.0,85,12,15,15,13,10,12,8,9
1,1,1,2,8,2,2,2,1,3,1,2,3.0,3.0,3.0,3.0,3.0,3.0,3.0,3.0,1.0,2,2,3,1,1,1.0,2,4,3.0,3.0,1.0,3.0,3.0,3.0,3.0,3.0,2.0,3.0,2.0,3.0,3.0,85,15,19,16,15,18,20,18,18
1,1,1,1,9,2,2,2,2,4,2,2,4.0,2.0,3.0,3.0,4.0,4.0,4.0,3.0,2.0,2,2,3,4,1,2.0,2,1,4.0,1.0,1.0,3.0,3.0,3.0,3.0,3.0,2.0,3.0,2.0,"1.0,2.0",2.0,85,16,14,10,11,14,15,15,14
1,1,1,2,3,2,2,2,3,4,1,2,4.0,1.0,1.0,3.0,4.0,1.0,1.0,3.0,4.0,4,3,3,1,1,2.0,2,1,2.0,2.0,3.0,"2.0,3.0",4.0,4.0,1.0,3.0,4.0,1.0,2.0,1.0,3.0,85,19,17,18,16,19,18,18,16
1,1,1,3,6,2,2,2,3,4,1,2,4.0,4.0,2.0,3.0,2.0,1.0,2.0,2.0,2.0,2,2,3,4,1,1.0,2,4,"1.0,4.0",2.0,1.0,"2.0,3.0",3.0,3.0,1.0,2.0,3.0,2.0,1.0,1.0,"2.0,4.0",85,12,13,15,14,10,14,16,12
1,1,1,1,8,2,1,1,4,3,2,2,2.0,4.0,2.0,1.0,3.0,1.0,3.0,3.0,3.0,1,3,3,2,2,2.0,3,3,3.0,3.0,3.0,4.0,4.0,4.0,3.0,2.0,1.0,3.0,2.0,1.0,2.0,85,16,15,13,10,16,11,13,10
1,1,1,2,6,2,2,2,3,4,1,2,3.0,2.0,1.0,3.0,2.0,1.0,1.0,2.0,4.0,2,2,3,4,1,1.0,2,3,2.0,2.0,1.0,"2.0,4.0",3.0,3.0,3.0,2.0,2.0,2.0,1.0,1.0,"1.0,2.0",85,12,13,17,18,12,15,18,16
1,1,1,2,8,2,2,2,3,4,1,1,2.0,3.0,3.0,1.0,4.0,1.0,4.0,2.0,4.0,2,2,3,4,1,1.0,2,3,4.0,3.0,1.0,"2.0,4.0",1.0,2.0,2.0,1.0,1.0,2.0,1.0,3.0,3.0,85,14,10,12,13,13,14,10,12
1,1,1,2,2,2,2,2,3,4,1,2,2.0,1.0,1.0,3.0,2.0,1.0,2.0,2.0,2.0,2,2,3,4,1,1.0,2,4,1.0,1.0,1.0,3.0,3.0,2.0,1.0,2.0,3.0,2.0,1.0,1.0,3.0,85,15,15,17,16,17,17,17,14
1,1,1,2,4,2,2,2,3,4,1,2,4.0,1.0,1.0,3.0,3.0,2.0,1.0,2.0,2.0,2,2,3,4,1,1.0,2,4,4.0,2.0,1.0,3.0,2.0,2.0,2.0,2.0,3.0,2.0,1.0,1.0,2.0,85,14,18,14,15,14,16,15,14
1,1,2,2,6,2,4,1,1,4,2,2,2.0,3.0,4.0,1.0,4.0,3.0,2.0,3.0,3.0,2,3,1,4,1,2.0,3,3,2.0,2.0,3.0,"2.0,3.0",3.0,4.0,3.0,1.0,3.0,4.0,1.0,3.0,3.0,84,12,11,14,12,11,10,9,9
1,1,2,3,9,2,2,1,3,1,3,4,2.0,1.0,3.0,3.0,4.0,4.0,1.0,4.0,4.0,2,2,2,2,4,2.0,1,4,2.0,3.0,4.0,2.0,4.0,3.0,1.0,4.0,3.0,4.0,2.0,"1.0,2.0,3.0,4.0",2.0,84,10,9,12,10,13,14,18,18
1,1,2,2,6,2,2,3,3,2,1,2,1.0,2.0,1.0,1.0,2.0,4.0,3.0,4.0,3.0,3,1,3,2,1,1.0,2,3,2.0,3.0,3.0,3.0,3.0,4.0,4.0,2.0,3.0,3.0,1.0,2.0,"1.0,3.0",84,14,16,16,18,8,13,13,14
1,1,2,2,8,2,2,1,4,2,3,2,2.0,2.0,4.0,3.0,1.0,1.0,4.0,1.0,1.0,4,3,4,3,1,2.0,2,2,"2.0,4.0",2.0,3.0,4.0,3.0,2.0,2.0,3.0,2.0,2.0,1.0,1.0,2.0,84,19,20,17,17,19,20,16,15
1,1,2,2,2,2,2,2,3,4,1,2,3.0,4.0,1.0,1.0,3.0,1.0,2.0,2.0,2.0,2,2,3,4,1,1.0,2,3,"1.0,4.0",1.0,1.0,"2.0,4.0",3.0,3.0,1.0,2.0,3.0,2.0,2.0,1.0,2.0,84,11,11,17,17,14,14,17,13
1,1,2,2,6,2,2,2,3,4,1,2,4.0,2.0,1.0,3.0,3.0,1.0,2.0,2.0,2.0,2,2,3,4,1,1.0,2,4,1.0,1.0,1.0,2.0,1.0,2.0,1.0,2.0,3.0,2.0,2.0,4.0,"2.0,3.0",84,15,18,15,17,17,18,17,16
1,1,2,2,6,2,4,1,4,2,1,2,1.0,2.0,1.0,4.0,1.0,2.0,2.0,3.0,4.0,4,3,1,4,4,2.0,3,4,3.0,1.0,3.0,3.0,4.0,4.0,4.0,4.0,3.0,3.0,2.0,1.0,3.0,84,12,15,11,14,9,13,12,9
1,1,2,2,6,2,2,2,1,2,1,2,3.0,2.0,2.0,1.0,3.0,3.0,4.0,3.0,2.0,4,4,4,4,4,2.0,3,3,4.0,4.0,3.0,3.0,3.0,4.0,3.0,3.0,3.0,3.0,2.0,3.0,2.0,84,11,12,18,18,21,21,14,15
1,1,2,2,6,2,2,2,3,4,1,2,4.0,2.0,1.0,3.0,3.0,1.0,2.0,2.0,2.0,2,2,3,4,1,1.0,2,4,1.0,2.0,1.0,"2.0,3.0",3.0,3.0,1.0,2.0,3.0,2.0,1.0,"1.0,4.0","3.0,4.0",84,17,16,16,18,13,15,13,17
1,1,2,2,2,2,2,2,3,4,1,2,2.0,1.0,1.0,3.0,2.0,1.0,2.0,2.0,2.0,2,2,3,4,1,1.0,2,4,1.0,1.0,1.0,3.0,3.0,2.0,1.0,2.0,3.0,2.0,1.0,1.0,3.0,84,15,15,17,16,17,17,17,14
1,1,2,2,8,2,2,2,3,4,1,2,1.0,2.0,1.0,2.0,1.0,1.0,2.0,2.0,2.0,2,2,3,4,1,1.0,2,4,"1.0,4.0",2.0,1.0,"2.0,3.0",3.0,4.0,1.0,1.0,2.0,3.0,1.0,"1.0,4.0","2.0,3.0",84,13,14,13,14,8,12,8,6
1,1,2,1,8,2,4,2,3,4,4,2,4.0,3.0,1.0,3.0,4.0,3.0,3.0,4.0,1.0,2,2,3,4,1,1.0,2,2,1.0,2.0,2.0,3.0,3.0,2.0,4.0,1.0,4.0,1.0,2.0,1.0,"2.0,3.0",84,8,8,6,9,8,7,8,7
1,1,2,1,8,2,2,2,3,1,1,2,3.0,3.0,1.0,3.0,2.0,3.0,4.0,3.0,2.0,2,2,3,4,4,2.0,2,3,2.0,4.0,3.0,2.0,3.0,2.0,3.0,2.0,4.0,4.0,2.0,1.0,2.0,84,10,11,10,13,11,12,9,10
1,1,2,1,8,2,2,2,4,4,1,2,4.0,2.0,1.0,3.0,2.0,1.0,2.0,4.0,1.0,2,2,4,2,1,2.0,2,3,"1.0,4.0",2.0,1.0,"2.0,4.0",3.0,1.0,1.0,2.0,3.0,2.0,1.0,4.0,"2.0,4.0",84,13,15,13,16,14,17,15,16
1,1,2,1,2,2,4,2,4,2,4,2,3.0,1.0,2.0,1.0,4.0,4.0,3.0,2.0,2.0,2,2,1,4,1,1.0,2,3,2.0,3.0,2.0,2.0,3.0,4.0,3.0,4.0,1.0,3.0,2.0,4.0,4.0,84,8,10,14,10,8,11,11,10
1,1,2,1,3,2,2,1,2,4,3,3,3.0,3.0,4.0,4.0,2.0,4.0,1.0,4.0,4.0,3,4,3,3,4,2.0,4,3,4.0,4.0,3.0,4.0,4.0,4.0,2.0,3.0,3.0,4.0,2.0,3.0,2.0,84,17,18,14,16,14,14,16,14
1,1,2,1,8,2,4,3,4,2,1,2,1.0,4.0,1.0,3.0,4.0,3.0,3.0,3.0,3.0,2,2,3,4,1,2.0,2,3,"1.0,4.0",2.0,1.0,4.0,3.0,4.0,2.0,1.0,2.0,2.0,2.0,2.0,3.0,84,18,19,17,15,21,21,18,18
1,1,2,2,3,2,4,1,3,4,1,2,1.0,3.0,1.0,3.0,2.0,4.0,1.0,2.0,1.0,2,2,3,4,2,2.0,2,3,"2.0,3.0",1.0,1.0,"2.0,3.0",3.0,2.0,1.0,2.0,3.0,2.0,2.0,2.0,"2.0,3.0",84,11,11,6,11,12,10,9,11
1,1,2,2,1,2,2,2,4,1,1,1,2.0,4.0,1.0,3.0,4.0,3.0,3.0,3.0,4.0,4,3,4,1,1,2.0,4,4,"2.0,4.0",3.0,2.0,"2.0,4.0",4.0,4.0,4.0,4.0,4.0,4.0,2.0,2.0,4.0,84,13,10,6,6,8,10,8,9
1,1,2,2,6,2,2,2,3,4,1,2,4.0,1.0,1.0,3.0,3.0,2.0,1.0,2.0,2.0,2,2,3,4,1,1.0,2,4,4.0,2.0,1.0,3.0,2.0,2.0,2.0,2.0,3.0,2.0,1.0,1.0,2.0,84,14,18,14,15,14,16,15,14
1,1,2,2,9,2,2,1,1,3,3,2,1.0,2.0,3.0,1.0,2.0,2.0,2.0,2.0,4.0,4,1,3,4,1,2.0,2,3,3.0,4.0,1.0,1.0,3.0,2.0,3.0,1.0,4.0,4.0,2.0,"1.0,2.0",2.0,84,12,12,14,11,7,7,6,6
1,1,2,2,4,2,2,2,3,4,3,2,4.0,1.0,1.0,3.0,2.0,3.0,1.0,4.0,2.0,2,2,3,4,1,1.0,2,4,"2.0,3.0",2.0,3.0,"2.0,3.0",3.0,2.0,3.0,2.0,2.0,2.0,1.0,"2.0,3.0","2.0,3.0",84,15,15,18,18,13,10,14,18
1,1,2,2,1,2,2,2,4,4,1,2,1.0,3.0,1.0,1.0,4.0,3.0,1.0,3.0,3.0,4,1,3,2,1,2.0,2,2,1.0,4.0,1.0,"3.0,4.0",3.0,3.0,4.0,3.0,3.0,1.0,1.0,"2.0,3.0","2.0,4.0",84,13,11,13,11,14,13,13,11
1,1,2,1,8,2,2,3,3,4,2,3,4.0,1.0,2.0,1.0,4.0,3.0,4.0,3.0,4.0,2,2,1,4,1,1.0,2,3,1.0,3.0,1.0,"2.0,3.0",3.0,2.0,4.0,2.0,4.0,2.0,2.0,4.0,2.0,84,9,12,10,12,12,16,14,16
1,1,2,1,4,2,2,1,4,1,4,2,3.0,2.0,3.0,1.0,1.0,1.0,2.0,4.0,2.0,1,1,3,4,2,2.0,2,3,2.0,2.0,4.0,2.0,1.0,4.0,4.0,4.0,3.0,3.0,2.0,2.0,3.0,84,18,16,16,15,15,16,12,12
1,1,2,1,8,2,3,4,3,4,3,4,3.0,3.0,3.0,4.0,4.0,4.0,4.0,4.0,3.0,2,2,1,4,1,1.0,2,3,1.0,3.0,1.0,"2.0,3.0",3.0,2.0,4.0,2.0,4.0,2.0,2.0,"1.0,3.0",4.0,84,7,9,12,10,12,16,14,16
1,1,2,2,9,2,4,2,4,1,1,2,4.0,2.0,4.0,3.0,1.0,1.0,3.0,3.0,1.0,2,2,1,2,1,2.0,2,2,4.0,3.0,4.0,3.0,2.0,1.0,3.0,1.0,1.0,2.0,1.0,1.0,1.0,84,8,7,8,8,13,7,9,8
1,1,2,1,3,2,3,2,3,2,1,2,1.0,1.0,1.0,1.0,1.0,4.0,2.0,3.0,2.0,2,2,3,4,1,2.0,2,3,1.0,2.0,1.0,"3.0,4.0",4.0,1.0,3.0,4.0,3.0,2.0,1.0,1.0,2.0,84,13,17,14,18,15,12,17,16
1,1,2,2,4,2,2,2,3,4,1,2,4.0,2.0,1.0,3.0,2.0,1.0,2.0,3.0,2.0,2,2,3,4,1,1.0,2,4,"1.0,4.0",1.0,1.0,"2.0,3.0",3.0,2.0,1.0,2.0,2.0,2.0,2.0,"1.0,4.0","2.0,3.0",84,14,12,12,13,12,16,14,13
1,1,2,1,6,2,2,3,3,4,2,2,3.0,3.0,3.0,3.0,3.0,2.0,2.0,2.0,1.0,2,2,3,4,2,2.0,2,3,1.0,3.0,1.0,1.0,3.0,3.0,1.0,4.0,3.0,3.0,2.0,3.0,3.0,84,10,10,11,10,8,7,8,10
1,1,2,1,8,2,4,1,3,4,1,2,4.0,4.0,3.0,4.0,1.0,4.0,2.0,3.0,2.0,4,1,3,4,3,2.0,3,1,2.0,2.0,3.0,2.0,4.0,2.0,1.0,3.0,3.0,2.0,2.0,"2.0,4.0","2.0,3.0",84,9,12,10,11,12,15,18,16
1,1,2,1,8,2,4,1,4,2,4,2,4.0,2.0,1.0,4.0,2.0,2.0,1.0,2.0,2.0,2,1,3,2,4,2.0,2,1,3.0,2.0,2.0,1.0,2.0,1.0,1.0,2.0,2.0,3.0,2.0,1.0,4.0,84,17,17,15,18,11,11,16,14
1,1,2,1,6,2,4,1,4,4,1,2,2.0,4.0,1.0,3.0,4.0,1.0,1.0,3.0,2.0,2,2,4,4,1,2.0,2,1,"1.0,4.0",2.0,3.0,"2.0,4.0",1.0,1.0,3.0,1.0,3.0,2.0,1.0,"2.0,3.0","2.0,3.0",84,18,17,14,18,19,21,18,18
1,1,2,1,6,2,2,2,3,4,1,2,1.0,1.0,3.0,1.0,3.0,2.0,3.0,2.0,2.0,1,4,2,4,1,1.0,2,1,4.0,2.0,3.0,2.0,4.0,1.0,2.0,2.0,2.0,2.0,1.0,1.0,"2.0,4.0",84,11,13,16,18,9,12,12,13
1,1,2,2,1,2,2,2,3,4,1,3,1.0,3.0,1.0,1.0,2.0,3.0,4.0,3.0,2.0,2,2,1,4,1,1.0,2,4,4.0,2.0,2.0,3.0,1.0,3.0,1.0,2.0,1.0,2.0,1.0,1.0,4.0,84,9,13,14,13,10,17,15,10
1,1,2,2,4,2,2,2,3,4,1,2,1.0,3.0,1.0,3.0,3.0,2.0,2.0,2.0,3.0,2,3,1,3,1,1.0,2,1,3.0,3.0,3.0,nan,,,,,,,2.0,1.0,2.0,84,15,18,14,15,11,8,9,9
1,1,2,2,9,2,2,2,3,4,1,2,3.0,2.0,4.0,3.0,3.0,1.0,1.0,1.0,2.0,2,2,3,3,1,2.0,2,4,"2.0,3.0",3.0,3.0,4.0,4.0,4.0,4.0,3.0,1.0,4.0,1.0,"2.0,4.0",4.0,84,14,19,17,17,13,20,16,16
1,1,2,1,3,2,2,2,3,4,1,1,3.0,1.0,1.0,3.0,3.0,3.0,3.0,3.0,2.0,4,2,3,4,1,1.0,2,3,"1.0,3.0",2.0,1.0,"3.0,4.0",3.0,4.0,4.0,3.0,4.0,4.0,1.0,1.0,1.0,84,13,15,17,15,15,19,18,18
1,1,2,2,8,2,4,2,3,4,1,2,4.0,1.0,1.0,4.0,1.0,4.0,1.0,3.0,1.0,2,1,3,4,2,2.0,2,1,1.0,2.0,1.0,4.0,3.0,1.0,1.0,2.0,4.0,2.0,1.0,1.0,2.0,84,15,14,12,12,16,14,13,14
1,1,2,3,1,2,4,2,3,4,1,2,4.0,2.0,2.0,3.0,3.0,1.0,1.0,1.0,2.0,2,2,3,4,1,1.0,2,4,"1.0,2.0,4.0",1.0,1.0,1.0,3.0,4.0,1.0,2.0,3.0,2.0,1.0,"1.0,2.0","2.0,3.0",84,16,13,9,9,10,14,11,10
1,1,2,2,6,2,2,4,3,1,1,2,1.0,4.0,3.0,4.0,1.0,1.0,3.0,4.0,1.0,2,2,3,1,1,1.0,2,3,2.0,4.0,1.0,1.0,4.0,2.0,1.0,1.0,2.0,2.0,2.0,1.0,2.0,84,14,14,13,13,14,17,18,18
1,1,3,2,3,3,1,1,4,1,1,2,3.0,4.0,3.0,3.0,1.0,1.0,3.0,4.0,3.0,3,4,3,4,1,2.0,3,2,3.0,4.0,3.0,4.0,1.0,1.0,4.0,1.0,4.0,3.0,1.0,2.0,4.0,96,15,15,14,15,10,10,14,16
1,1,3,2,6,3,2,2,3,1,1,2,3.0,1.0,1.0,3.0,3.0,1.0,2.0,2.0,1.0,2,4,3,4,1,1.0,2,4,1.0,3.0,1.0,3.0,3.0,2.0,1.0,2.0,2.0,2.0,2.0,"1.0,4.0",4.0,96,12,20,16,18,12,16,15,14
1,1,3,2,1,3,2,2,3,4,1,2,4.0,3.0,1.0,3.0,2.0,3.0,2.0,2.0,1.0,2,2,3,4,1,1.0,2,4,"1.0,4.0",3.0,1.0,"2.0,3.0",3.0,3.0,1.0,2.0,2.0,2.0,2.0,4.0,3.0,96,13,14,13,16,14,16,14,18
1,1,3,2,6,3,2,2,3,4,1,2,3.0,1.0,1.0,3.0,3.0,1.0,2.0,2.0,1.0,2,2,3,4,1,1.0,2,3,"2.0,3.0",1.0,1.0,"2.0,3.0",3.0,3.0,1.0,2.0,2.0,2.0,2.0,"2.0,4.0","2.0,4.0",96,17,14,14,17,15,15,17,15
1,1,3,2,6,3,2,2,3,4,1,2,4.0,2.0,1.0,3.0,3.0,1.0,2.0,2.0,2.0,2,2,3,4,1,1.0,2,4,"1.0,4.0",2.0,1.0,"2.0,3.0",3.0,3.0,1.0,2.0,2.0,2.0,1.0,"1.0,4.0","2.0,3.0",96,12,15,17,18,17,17,18,18
1,1,3,1,3,3,2,2,3,3,1,3,1.0,4.0,4.0,4.0,2.0,4.0,1.0,3.0,4.0,2,2,3,4,1,1.0,2,4,1.0,3.0,4.0,"2.0,3.0",3.0,2.0,1.0,4.0,2.0,2.0,1.0,3.0,"1.0,2.0,3.0",96,11,14,10,8,10,10,14,8
1,1,3,1,6,3,2,3,3,3,2,3,4.0,3.0,4.0,3.0,3.0,4.0,1.0,3.0,3.0,4,1,3,4,1,2.0,2,4,"2.0,3.0",3.0,1.0,"2.0,4.0",3.0,2.0,3.0,3.0,2.0,2.0,1.0,2.0,"3.0,4.0",96,11,14,15,17,15,12,17,16
1,1,3,2,3,3,4,1,3,2,1,2,2.0,2.0,1.0,3.0,2.0,1.0,1.0,3.0,2.0,4,1,3,4,1,1.0,2,1,4.0,2.0,1.0,4.0,3.0,3.0,1.0,1.0,3.0,2.0,1.0,"1.0,3.0",3.0,96,12,13,15,14,12,15,16,14
1,1,3,1,6,3,4,1,4,4,1,1,3.0,2.0,2.0,1.0,1.0,1.0,3.0,2.0,1.0,4,1,3,4,1,1.0,2,3,1.0,3.0,1.0,2.0,3.0,1.0,4.0,2.0,3.0,2.0,1.0,2.0,3.0,96,13,13,10,12,15,14,12,14
1,1,3,2,6,3,2,2,1,1,1,3,3.0,2.0,2.0,4.0,1.0,1.0,1.0,3.0,2.0,2,2,4,1,1,2.0,2,1,"1.0,2.0",2.0,2.0,3.0,1.0,1.0,3.0,2.0,3.0,2.0,2.0,2.0,2.0,96,12,12,14,13,11,15,12,14
1,1,3,1,4,3,2,2,1,4,1,2,1.0,1.0,1.0,1.0,1.0,2.0,1.0,2.0,2.0,2,2,3,4,1,1.0,2,3,1.0,2.0,1.0,3.0,1.0,2.0,1.0,1.0,2.0,2.0,2.0,1.0,"2.0,3.0",96,17,12,13,15,17,13,15,16
1,1,3,1,3,3,2,2,3,4,1,2,4.0,4.0,1.0,3.0,1.0,2.0,2.0,3.0,2.0,2,2,3,4,1,1.0,2,4,"1.0,4.0",2.0,1.0,"2.0,3.0",3.0,2.0,1.0,2.0,2.0,2.0,1.0,1.0,"2.0,3.0",96,13,14,15,14,12,15,16,13
1,1,3,2,6,3,2,1,3,4,1,2,1.0,3.0,1.0,3.0,1.0,2.0,2.0,4.0,2.0,4,2,3,4,1,1.0,2,4,"1.0,3.0",2.0,1.0,"2.0,3.0",3.0,4.0,2.0,2.0,2.0,2.0,1.0,4.0,"2.0,3.0",96,14,14,12,17,16,17,12,16
1,1,3,1,6,3,2,2,3,1,1,2,4.0,3.0,1.0,3.0,4.0,1.0,1.0,4.0,4.0,2,2,4,4,1,1.0,2,4,3.0,3.0,1.0,"2.0,3.0",3.0,3.0,1.0,1.0,3.0,1.0,1.0,"1.0,4.0","2.0,4.0",96,12,11,8,13,12,13,14,18
1,1,3,1,9,3,2,2,3,4,1,2,4.0,3.0,1.0,3.0,4.0,1.0,2.0,4.0,4.0,2,2,3,4,1,1.0,2,4,"2.0,3.0",3.0,1.0,"2.0,3.0",1.0,1.0,1.0,1.0,3.0,2.0,1.0,"1.0,4.0","2.0,4.0",96,12,13,15,17,13,11,14,14
1,1,3,2,6,3,2,2,3,4,1,1,4.0,3.0,2.0,3.0,2.0,1.0,2.0,4.0,2.0,2,2,3,4,1,1.0,2,4,"2.0,3.0",2.0,1.0,3.0,3.0,3.0,1.0,2.0,3.0,2.0,1.0,"3.0,4.0","2.0,4.0",96,10,14,15,17,13,13,15,14
1,1,3,1,6,3,2,2,4,2,1,2,1.0,1.0,4.0,3.0,2.0,2.0,1.0,3.0,2.0,2,1,3,2,1,1.0,2,3,1.0,3.0,3.0,4.0,2.0,4.0,3.0,1.0,1.0,1.0,2.0,"1.0,3.0","1.0,4.0",96,14,13,14,15,11,15,13,6
1,1,3,1,4,3,4,2,3,4,1,2,3.0,1.0,1.0,1.0,2.0,3.0,4.0,1.0,1.0,2,2,3,4,1,1.0,2,1,1.0,4.0,1.0,3.0,3.0,3.0,1.0,2.0,4.0,4.0,1.0,2.0,2.0,96,21,18,16,18,16,16,11,17
1,1,3,2,4,3,2,2,3,4,1,2,4.0,1.0,1.0,3.0,2.0,4.0,4.0,3.0,2.0,2,2,3,4,1,1.0,2,4,"1.0,4.0",2.0,1.0,"2.0,3.0",3.0,2.0,1.0,2.0,3.0,2.0,1.0,"1.0,4.0","2.0,3.0",96,15,13,11,18,15,12,17,18
1,1,3,2,3,3,2,4,3,4,1,2,4.0,2.0,2.0,3.0,4.0,4.0,3.0,1.0,4.0,2,2,3,4,1,1.0,2,4,1.0,2.0,1.0,"2.0,3.0",3.0,4.0,1.0,2.0,2.0,2.0,1.0,3.0,"2.0,3.0",96,11,13,10,10,13,14,12,13
1,1,3,2,2,3,2,2,3,3,1,1,3.0,2.0,4.0,3.0,2.0,4.0,4.0,1.0,3.0,4,1,4,2,1,2.0,1,3,"2.0,3.0",3.0,1.0,2.0,4.0,1.0,3.0,3.0,3.0,4.0,2.0,"1.0,2.0","3.0,4.0",96,19,20,18,16,18,20,15,15
1,1,3,2,6,3,2,2,3,4,1,2,4.0,1.0,1.0,1.0,2.0,1.0,2.0,4.0,1.0,2,2,3,4,1,1.0,2,4,1.0,2.0,1.0,3.0,3.0,3.0,1.0,2.0,3.0,1.0,2.0,1.0,2.0,96,11,14,15,11,11,14,10,9
1,1,3,2,6,3,2,2,3,3,1,2,4.0,1.0,1.0,3.0,3.0,3.0,2.0,2.0,1.0,2,2,3,4,1,1.0,2,4,3.0,2.0,4.0,"3.0,4.0",4.0,3.0,1.0,2.0,4.0,3.0,1.0,2.0,2.0,96,11,14,10,11,10,11,8,6
1,1,3,2,3,3,4,2,3,4,1,2,3.0,4.0,3.0,3.0,4.0,4.0,4.0,3.0,3.0,2,2,1,4,2,2.0,2,4,3.0,3.0,3.0,"3.0,4.0",3.0,4.0,2.0,3.0,3.0,4.0,2.0,3.0,"1.0,3.0",96,11,10,7,7,9,8,7,9
1,1,3,2,2,3,2,4,1,3,2,3,4.0,2.0,2.0,2.0,2.0,4.0,2.0,3.0,1.0,4,1,3,4,1,2.0,2,4,4.0,3.0,4.0,3.0,3.0,2.0,1.0,3.0,1.0,3.0,1.0,3.0,3.0,96,8,11,10,8,12,15,14,13
1,1,3,1,2,3,2,1,4,3,1,1,3.0,3.0,2.0,1.0,2.0,1.0,2.0,4.0,4.0,2,4,4,3,1,2.0,3,2,2.0,3.0,3.0,"1.0,2.0",1.0,2.0,4.0,1.0,2.0,1.0,1.0,1.0,2.0,96,7,8,6,8,7,7,6,8
1,1,3,2,6,3,2,1,3,3,1,2,3.0,2.0,4.0,3.0,2.0,1.0,1.0,2.0,2.0,2,4,4,2,3,1.0,2,3,4.0,2.0,3.0,"2.0,3.0",2.0,3.0,2.0,2.0,1.0,3.0,2.0,"1.0,2.0",2.0,96,13,13,9,14,13,16,14,17
1,1,3,1,8,3,2,2,4,1,1,2,2.0,2.0,1.0,4.0,1.0,3.0,2.0,3.0,3.0,2,2,3,3,1,1.0,2,4,1.0,3.0,1.0,4.0,3.0,4.0,3.0,4.0,2.0,3.0,2.0,1.0,3.0,96,8,12,10,8,8,13,8,6
1,1,3,1,4,3,2,2,3,4,3,2,1.0,1.0,1.0,3.0,2.0,1.0,2.0,1.0,1.0,2,2,3,4,1,1.0,2,1,1.0,2.0,1.0,"1.0,2.0,3.0",3.0,2.0,1.0,4.0,2.0,2.0,1.0,1.0,4.0,96,10,10,11,11,11,10,13,11
1,1,3,1,6,3,2,2,3,3,2,2,3.0,4.0,3.0,4.0,2.0,2.0,3.0,2.0,2.0,2,2,1,2,1,1.0,2,3,"2.0,3.0",3.0,2.0,"1.0,4.0",3.0,2.0,4.0,3.0,3.0,4.0,2.0,2.0,1.0,96,10,12,6,12,12,14,18,18
1,1,3,1,4,3,2,2,3,4,1,2,4.0,2.0,1.0,3.0,2.0,1.0,2.0,2.0,2.0,2,2,3,4,1,1.0,2,4,"1.0,4.0",2.0,1.0,"2.0,3.0",3.0,2.0,1.0,2.0,2.0,2.0,1.0,"1.0,4.0","2.0,3.0",96,15,12,13,18,16,19,13,18
1,1,3,1,6,3,4,3,4,4,1,2,4.0,4.0,3.0,3.0,3.0,3.0,3.0,3.0,3.0,2,2,3,4,1,1.0,2,3,4.0,3.0,1.0,1.0,3.0,3.0,4.0,4.0,2.0,4.0,2.0,4.0,3.0,96,14,15,15,14,17,17,16,16
1,1,3,1,6,3,2,2,1,1,1,1,4.0,2.0,1.0,2.0,4.0,3.0,1.0,3.0,3.0,2,2,1,1,2,2.0,1,3,"1.0,4.0",1.0,1.0,3.0,1.0,1.0,1.0,1.0,2.0,2.0,2.0,1.0,2.0,96,16,16,15,17,16,17,15,16
1,1,3,2,7,3,2,2,3,1,4,2,1.0,1.0,1.0,2.0,4.0,4.0,3.0,4.0,2.0,2,2,3,4,1,2.0,2,4,"1.0,3.0",2.0,1.0,"1.0,3.0",3.0,2.0,4.0,2.0,2.0,4.0,2.0,1.0,"1.0,4.0",96,18,17,13,15,12,16,12,12
1,1,3,1,6,3,2,2,3,4,1,2,4.0,3.0,1.0,3.0,3.0,1.0,2.0,3.0,2.0,2,2,3,4,1,1.0,2,3,"2.0,3.0",3.0,1.0,"2.0,3.0",3.0,3.0,2.0,2.0,4.0,2.0,1.0,"1.0,4.0","2.0,4.0",96,18,15,14,18,18,16,15,17
1,1,3,2,4,3,4,1,4,2,3,2,1.0,4.0,3.0,2.0,2.0,3.0,3.0,3.0,2.0,4,1,3,1,4,2.0,2,2,2.0,3.0,2.0,"2.0,3.0",1.0,3.0,4.0,2.0,2.0,3.0,2.0,"1.0,2.0",1.0,96,14,16,17,15,14,15,12,13
1,1,3,2,3,3,2,2,3,4,1,2,4.0,2.0,1.0,3.0,3.0,2.0,2.0,2.0,1.0,2,2,3,4,1,1.0,2,4,4.0,2.0,1.0,2.0,3.0,3.0,4.0,3.0,2.0,1.0,1.0,"1.0,4.0","2.0,3.0",96,8,12,11,12,9,15,13,12
1,1,3,2,1,3,2,2,3,4,1,2,4.0,2.0,1.0,3.0,3.0,1.0,2.0,2.0,2.0,2,2,3,4,1,1.0,2,4,4.0,2.0,1.0,"2.0,3.0",3.0,3.0,1.0,2.0,3.0,2.0,1.0,"1.0,4.0","2.0,3.0",96,13,15,12,13,15,16,15,17
1,1,3,1,6,3,2,1,3,4,1,2,4.0,2.0,3.0,2.0,3.0,1.0,1.0,3.0,2.0,2,1,3,2,1,1.0,2,1,1.0,2.0,1.0,"2.0,3.0",3.0,4.0,1.0,1.0,3.0,2.0,2.0,"1.0,4.0","2.0,4.0",96,18,20,16,18,19,20,18,18
1,1,3,1,4,3,2,2,3,4,1,2,1.0,1.0,1.0,3.0,2.0,3.0,4.0,3.0,2.0,2,2,3,4,1,1.0,2,3,"1.0,4.0",2.0,1.0,3.0,3.0,3.0,1.0,2.0,2.0,1.0,2.0,3.0,"2.0,3.0",96,11,13,10,10,11,13,18,18
1,1,3,2,6,3,2,2,3,4,1,2,3.0,1.0,2.0,3.0,1.0,2.0,1.0,3.0,2.0,2,2,2,1,1,1.0,2,4,4.0,2.0,1.0,"1.0,4.0",1.0,2.0,2.0,1.0,3.0,3.0,1.0,1.0,4.0,96,13,12,11,10,11,17,15,11
1,1,3,1,1,3,2,2,1,4,1,1,4.0,4.0,2.0,3.0,2.0,1.0,2.0,4.0,4.0,2,2,1,4,1,1.0,2,2,1.0,4.0,1.0,"2.0,3.0",3.0,2.0,1.0,1.0,3.0,1.0,1.0,1.0,"2.0,4.0",96,11,14,12,16,12,13,14,16
1,1,3,1,6,3,2,2,3,4,1,2,4.0,1.0,1.0,3.0,2.0,1.0,2.0,2.0,2.0,2,2,3,4,1,2.0,2,4,"1.0,4.0",2.0,1.0,"2.0,3.0",3.0,2.0,1.0,2.0,2.0,2.0,2.0,"1.0,4.0","2.0,3.0",96,11,15,15,15,16,15,15,16
1,1,3,2,4,3,2,2,3,4,1,3,4.0,2.0,1.0,3.0,1.0,2.0,1.0,3.0,2.0,2,3,3,4,1,1.0,2,3,3.0,2.0,1.0,1.0,3.0,2.0,1.0,2.0,3.0,2.0,2.0,"1.0,4.0","2.0,3.0",96,16,18,15,17,17,16,16,16
1,1,4,1,6,1,2,2,3,1,1,2,4.0,1.0,3.0,3.0,4.0,3.0,2.0,2.0,4.0,2,2,3,3,1,1.0,2,4,"2.0,3.0",2.0,2.0,"3.0,4.0",3.0,3.0,3.0,4.0,2.0,2.0,2.0,"2.0,3.0","3.0,4.0",76,15,18,18,15,14,18,16,14
1,1,4,1,1,1,2,4,3,2,1,2,1.0,2.0,1.0,4.0,3.0,1.0,3.0,3.0,2.0,4,2,3,3,1,2.0,2,1,3.0,2.0,2.0,"3.0,4.0",3.0,2.0,3.0,4.0,4.0,2.0,2.0,"2.0,4.0","2.0,4.0",76,13,14,17,18,12,18,16,14
1,1,4,1,6,1,3,2,4,3,3,3,2.0,3.0,3.0,3.0,2.0,4.0,3.0,2.0,1.0,2,2,4,4,2,1.0,3,2,4.0,3.0,1.0,"3.0,4.0",3.0,2.0,3.0,4.0,3.0,4.0,2.0,"2.0,4.0","2.0,4.0",76,8,14,9,10,9,12,7,11
1,1,4,1,9,1,2,1,3,4,2,2,1.0,4.0,1.0,3.0,3.0,3.0,1.0,4.0,4.0,2,2,3,4,2,2.0,2,1,"3.0,4.0",4.0,3.0,3.0,1.0,4.0,1.0,4.0,3.0,4.0,2.0,2.0,"1.0,2.0,3.0",76,7,12,11,12,10,11,8,9
1,1,4,2,2,1,2,2,3,4,1,2,2.0,1.0,1.0,2.0,,,,,,2,2,3,4,1,1.0,2,3,1.0,1.0,1.0,4.0,3.0,2.0,3.0,1.0,,,2.0,1.0,"2.0,3.0",76,9,13,16,12,11,17,12,7
1,1,4,2,6,1,4,2,4,2,1,2,4.0,1.0,4.0,2.0,3.0,1.0,4.0,2.0,2.0,2,4,3,4,1,1.0,2,2,"2.0,3.0",4.0,1.0,"2.0,3.0",3.0,3.0,1.0,2.0,3.0,2.0,2.0,"2.0,3.0","1.0,4.0",76,14,15,15,17,15,18,17,16
1,1,4,3,6,1,2,1,3,4,1,2,1.0,3.0,2.0,1.0,3.0,1.0,4.0,2.0,2.0,4,2,3,4,1,1.0,2,4,1.0,1.0,1.0,2.0,3.0,4.0,2.0,4.0,2.0,1.0,2.0,"2.0,4.0","1.0,3.0",76,17,19,18,18,19,19,17,18
1,1,4,1,9,1,4,2,1,4,1,4,3.0,4.0,4.0,3.0,4.0,3.0,2.0,3.0,4.0,4,4,3,4,1,1.0,2,3,"1.0,2.0",4.0,1.0,"2.0,3.0,4.0",1.0,3.0,1.0,4.0,3.0,1.0,2.0,2.0,3.0,76,15,19,18,18,10,15,14,17
1,1,4,2,1,1,2,4,3,3,1,4,4.0,3.0,4.0,3.0,1.0,1.0,2.0,3.0,1.0,4,2,3,4,1,1.0,2,3,3.0,3.0,1.0,"3.0,4.0",3.0,4.0,1.0,2.0,3.0,2.0,1.0,"2.0,3.0",2.0,76,18,19,18,17,19,20,15,15
1,1,4,1,3,1,2,2,3,2,4,2,1.0,2.0,2.0,1.0,2.0,4.0,4.0,3.0,1.0,2,2,3,4,1,2.0,2,3,1.0,2.0,1.0,"3.0,4.0",4.0,1.0,3.0,4.0,3.0,2.0,2.0,2.0,1.0,76,11,13,10,9,15,12,17,16
1,1,4,2,1,1,2,2,1,1,1,2,4.0,2.0,2.0,3.0,4.0,1.0,3.0,1.0,2.0,4,1,3,4,1,1.0,2,1,"2.0,3.0",2.0,1.0,"2.0,3.0",4.0,2.0,1.0,1.0,3.0,1.0,2.0,1.0,1.0,76,8,12,9,12,12,14,18,16
1,1,4,2,6,1,2,1,3,3,1,2,4.0,1.0,4.0,4.0,1.0,4.0,3.0,3.0,3.0,4,2,3,4,4,1.0,2,3,3.0,2.0,3.0,"2.0,3.0",4.0,2.0,4.0,1.0,3.0,1.0,2.0,2.0,4.0,76,12,17,15,14,7,9,10,14
1,1,4,2,3,1,4,1,3,1,1,2,4.0,1.0,2.0,4.0,1.0,4.0,4.0,3.0,3.0,2,2,3,4,1,1.0,2,2,1.0,2.0,1.0,2.0,3.0,2.0,3.0,4.0,2.0,3.0,1.0,2.0,1.0,76,13,15,12,16,12,14,13,17
1,1,4,1,6,1,2,4,3,4,1,2,1.0,1.0,1.0,3.0,3.0,1.0,2.0,3.0,3.0,2,2,3,4,1,1.0,2,1,"2.0,3.0",4.0,3.0,"2.0,4.0",3.0,4.0,1.0,4.0,3.0,2.0,1.0,2.0,1.0,76,15,13,10,13,16,13,15,15
1,1,4,3,2,1,2,2,3,4,1,2,4.0,3.0,2.0,3.0,1.0,4.0,3.0,1.0,2.0,2,2,1,4,1,2.0,2,4,1.0,2.0,3.0,"1.0,3.0",3.0,3.0,4.0,3.0,3.0,3.0,2.0,1.0,4.0,76,7,7,6,8,8,12,9,8
1,1,4,2,9,1,2,2,3,1,1,2,3.0,2.0,2.0,1.0,4.0,2.0,2.0,1.0,4.0,2,2,3,1,1,1.0,2,3,2.0,4.0,1.0,2.0,3.0,3.0,3.0,4.0,1.0,3.0,2.0,1.0,3.0,76,17,18,16,18,18,15,14,16
1,1,4,2,3,1,2,2,3,4,1,2,3.0,3.0,3.0,1.0,3.0,2.0,4.0,4.0,2.0,2,2,3,4,1,1.0,2,1,"2.0,3.0",4.0,3.0,"2.0,4.0",3.0,4.0,1.0,4.0,2.0,2.0,2.0,"1.0,3.0",3.0,76,12,19,15,14,11,16,15,14
1,1,4,2,6,1,2,2,3,4,1,2,1.0,2.0,1.0,3.0,4.0,2.0,1.0,2.0,2.0,2,3,3,4,1,1.0,2,1,1.0,2.0,1.0,"2.0,3.0",3.0,3.0,1.0,1.0,2.0,2.0,2.0,4.0,"2.0,3.0",76,14,14,13,12,20,14,13,14
1,1,4,2,2,1,2,2,3,4,1,2,3.0,2.0,2.0,3.0,4.0,1.0,4.0,1.0,4.0,2,2,1,4,4,1.0,2,2,"1.0,4.0",3.0,1.0,"3.0,4.0",3.0,2.0,1.0,3.0,3.0,4.0,2.0,2.0,4.0,76,17,18,14,14,14,11,10,17
1,1,4,1,6,1,2,2,2,4,1,4,2.0,4.0,2.0,1.0,3.0,2.0,1.0,2.0,3.0,4,2,4,3,3,2.0,2,4,4.0,3.0,4.0,4.0,3.0,3.0,1.0,1.0,4.0,4.0,2.0,2.0,4.0,76,12,10,13,13,11,12,6,6
1,1,4,1,1,1,2,2,3,1,1,2,3.0,3.0,3.0,3.0,2.0,4.0,2.0,3.0,2.0,2,2,1,4,1,1.0,2,4,"1.0,4.0",1.0,2.0,"2.0,4.0",3.0,2.0,1.0,2.0,4.0,3.0,2.0,3.0,3.0,76,13,10,14,14,13,12,16,14
1,1,4,2,6,1,2,2,3,4,1,2,1.0,1.0,1.0,3.0,4.0,3.0,4.0,4.0,1.0,2,2,3,4,1,1.0,2,4,"1.0,2.0",2.0,2.0,2.0,3.0,2.0,4.0,4.0,2.0,3.0,1.0,3.0,"2.0,3.0",76,16,14,14,14,14,14,12,12
1,1,4,1,3,1,2,2,3,4,1,2,3.0,1.0,1.0,2.0,2.0,1.0,4.0,3.0,3.0,2,2,3,4,1,1.0,2,4,"3.0,4.0",1.0,1.0,3.0,3.0,2.0,1.0,4.0,1.0,1.0,2.0,1.0,4.0,76,7,11,16,8,8,11,15,8
1,1,4,2,1,1,2,2,3,4,1,2,4.0,4.0,3.0,3.0,3.0,3.0,4.0,4.0,3.0,4,1,3,3,1,1.0,2,4,"2.0,3.0",1.0,3.0,"2.0,3.0",3.0,4.0,1.0,2.0,1.0,1.0,2.0,4.0,3.0,76,21,21,18,18,21,21,18,18
1,1,4,2,5,1,4,2,3,4,2,4,3.0,4.0,1.0,3.0,3.0,1.0,2.0,4.0,2.0,2,2,4,4,4,2.0,3,3,4.0,4.0,2.0,3.0,3.0,2.0,3.0,3.0,2.0,2.0,2.0,1.0,3.0,76,10,14,12,12,11,13,13,12
1,1,4,2,1,1,2,2,3,3,2,2,4.0,1.0,1.0,2.0,4.0,4.0,4.0,4.0,2.0,4,2,4,4,4,2.0,2,1,1.0,4.0,3.0,2.0,2.0,4.0,2.0,2.0,2.0,2.0,1.0,2.0,4.0,76,7,7,6,6,7,7,6,6
1,1,4,2,3,1,2,2,3,3,1,2,1.0,2.0,1.0,2.0,2.0,2.0,2.0,2.0,2.0,2,2,3,4,1,1.0,2,4,4.0,3.0,1.0,2.0,3.0,2.0,1.0,2.0,2.0,2.0,2.0,2.0,3.0,76,9,8,8,8,7,9,8,10
1,1,4,2,6,1,2,2,3,4,1,2,1.0,1.0,1.0,3.0,2.0,2.0,3.0,3.0,3.0,2,2,3,4,1,1.0,2,4,1.0,2.0,1.0,3.0,2.0,2.0,4.0,4.0,4.0,4.0,1.0,4.0,4.0,76,7,8,9,8,7,11,12,10
1,1,4,3,7,1,2,2,4,4,3,1,2.0,4.0,4.0,2.0,2.0,2.0,2.0,4.0,4.0,2,2,3,4,3,2.0,2,2,"1.0,2.0",3.0,1.0,3.0,4.0,4.0,3.0,3.0,3.0,1.0,2.0,2.0,3.0,76,14,13,13,14,14,14,12,12
1,1,4,2,1,1,2,1,4,3,1,2,4.0,4.0,1.0,3.0,3.0,4.0,3.0,3.0,3.0,4,4,3,4,1,2.0,2,1,3.0,3.0,4.0,1.0,3.0,1.0,2.0,3.0,3.0,1.0,1.0,"2.0,3.0","2.0,3.0",76,16,15,14,15,16,16,15,15
1,1,4,2,1,1,2,2,4,4,1,2,4.0,3.0,1.0,3.0,2.0,2.0,2.0,4.0,1.0,2,2,3,4,1,1.0,2,4,4.0,4.0,1.0,1.0,3.0,1.0,1.0,2.0,4.0,1.0,2.0,2.0,1.0,76,10,10,8,8,7,7,6,6
1,1,4,2,1,1,2,2,3,3,1,2,4.0,4.0,4.0,3.0,2.0,1.0,2.0,4.0,4.0,2,2,3,4,4,2.0,2,4,1.0,2.0,1.0,"2.0,3.0,4.0",3.0,4.0,3.0,2.0,2.0,2.0,2.0,3.0,3.0,76,9,11,13,16,9,13,10,12
1,1,4,2,1,1,2,2,2,1,1,2,2.0,4.0,3.0,3.0,3.0,3.0,3.0,2.0,3.0,2,2,3,4,1,2.0,2,2,"1.0,4.0",4.0,1.0,"2.0,4.0",3.0,1.0,1.0,2.0,2.0,2.0,2.0,"2.0,3.0","1.0,4.0",76,13,13,13,13,10,11,13,11
1,1,4,1,6,1,4,2,4,3,1,3,2.0,3.0,2.0,2.0,1.0,3.0,4.0,4.0,4.0,4,4,2,3,2,2.0,4,2,2.0,3.0,3.0,1.0,3.0,3.0,1.0,3.0,3.0,3.0,1.0,"1.0,4.0",3.0,76,10,12,13,12,8,10,8,9
1,1,4,1,5,1,2,2,3,4,3,2,4.0,4.0,3.0,3.0,3.0,1.0,2.0,4.0,4.0,2,2,3,4,2,2.0,2,4,"2.0,3.0",2.0,1.0,"3.0,4.0",1.0,2.0,1.0,1.0,3.0,3.0,2.0,"2.0,3.0","2.0,3.0",76,12,16,12,18,15,15,15,16
1,1,4,2,2,1,3,1,1,2,1,4,4.0,4.0,1.0,4.0,3.0,1.0,1.0,3.0,2.0,2,3,1,4,1,1.0,4,3,"3.0,4.0",1.0,1.0,2.0,3.0,1.0,1.0,1.0,1.0,3.0,2.0,4.0,"2.0,4.0",76,10,8,10,14,11,14,10,15
1,1,4,1,1,1,2,1,3,4,1,2,1.0,2.0,1.0,,,,,,,4,1,4,4,1,1.0,2,1,"3.0,4.0",2.0,1.0,"2.0,3.0",3.0,2.0,2.0,1.0,4.0,2.0,2.0,1.0,"2.0,4.0",76,16,12,12,13,12,14,8,10
1,1,4,1,3,1,4,1,1,2,1,2,4.0,2.0,1.0,3.0,3.0,,,,,4,2,4,2,1,2.0,2,2,"1.0,2.0",4.0,3.0,2.0,3.0,,,,,,2.0,"1.0,4.0",4.0,76,14,16,15,15,19,19,17,17
1,2,5,2,8,2,2,1,1,2,2,2,4.0,3.0,2.0,2.0,1.0,2.0,4.0,2.0,3.0,2,2,3,4,1,1.0,3,3,"1.0,3.0",3.0,3.0,4.0,3.0,3.0,2.0,4.0,3.0,4.0,2.0,"1.0,2.0,3.0,4.0","2.0,3.0",79,18,20,16,17,12,12,13,15
1,2,5,2,6,2,1,1,3,1,1,2,1.0,1.0,1.0,2.0,2.0,2.0,1.0,1.0,1.0,2,2,3,3,1,1.0,2,3,3.0,2.0,3.0,2.0,1.0,4.0,4.0,4.0,3.0,4.0,2.0,"1.0,2.0",1.0,79,14,14,14,16,14,12,17,16
1,2,5,2,9,2,2,2,4,3,1,2,2.0,2.0,3.0,4.0,4.0,3.0,4.0,4.0,3.0,2,2,3,4,3,1.0,2,3,2.0,3.0,2.0,"2.0,4.0",1.0,2.0,3.0,2.0,3.0,3.0,2.0,"1.0,2.0",3.0,79,17,15,13,11,16,19,12,16
1,2,5,2,9,2,2,2,3,4,1,2,4.0,2.0,1.0,3.0,4.0,1.0,2.0,2.0,2.0,2,2,3,4,1,2.0,2,4,2.0,1.0,1.0,"2.0,4.0",3.0,3.0,1.0,4.0,3.0,2.0,1.0,"1.0,3.0","2.0,4.0",79,11,14,12,13,8,9,9,12
1,2,5,1,8,2,2,2,3,4,2,2,4.0,4.0,4.0,3.0,3.0,3.0,4.0,3.0,3.0,4,3,4,2,1,1.0,2,4,1.0,2.0,2.0,2.0,4.0,4.0,4.0,2.0,4.0,3.0,2.0,4.0,"2.0,3.0",79,15,15,13,15,9,15,13,16
1,2,5,2,1,2,2,2,3,4,3,2,1.0,3.0,3.0,3.0,4.0,4.0,4.0,3.0,3.0,2,2,2,4,1,1.0,2,4,4.0,1.0,3.0,4.0,4.0,3.0,4.0,4.0,3.0,3.0,2.0,"1.0,2.0,3.0,4.0",4.0,79,11,10,12,13,14,14,12,12
1,2,5,3,6,2,2,1,3,4,1,2,2.0,1.0,3.0,4.0,1.0,3.0,2.0,3.0,4.0,3,3,3,2,3,1.0,3,3,2.0,4.0,3.0,4.0,4.0,4.0,4.0,4.0,4.0,4.0,1.0,"2.0,4.0","2.0,4.0",79,19,16,16,18,17,16,16,18
1,2,5,1,4,2,2,2,3,4,1,2,4.0,1.0,4.0,3.0,1.0,1.0,1.0,2.0,2.0,2,2,3,4,1,2.0,2,3,"2.0,3.0",1.0,3.0,"2.0,4.0",1.0,2.0,2.0,3.0,2.0,2.0,2.0,"1.0,3.0","2.0,3.0",79,14,14,15,17,16,18,15,17
1,2,5,2,1,2,2,3,3,4,1,2,1.0,1.0,1.0,4.0,3.0,4.0,3.0,3.0,3.0,2,2,2,4,1,2.0,2,4,4.0,1.0,1.0,4.0,1.0,2.0,1.0,4.0,3.0,2.0,2.0,2.0,3.0,79,14,16,13,14,14,15,12,14
1,2,5,2,1,2,2,2,3,4,1,2,4.0,4.0,1.0,3.0,2.0,1.0,2.0,3.0,3.0,2,2,2,3,1,2.0,2,3,"2.0,3.0",2.0,2.0,"2.0,4.0",2.0,2.0,2.0,2.0,2.0,3.0,2.0,"2.0,3.0","2.0,4.0",79,13,14,14,17,14,15,15,16
1,2,5,2,2,2,2,2,3,4,1,2,2.0,2.0,1.0,3.0,3.0,2.0,4.0,3.0,2.0,2,2,3,2,3,2.0,3,1,"1.0,4.0",4.0,1.0,"2.0,3.0",4.0,4.0,2.0,2.0,3.0,1.0,1.0,"1.0,4.0","1.0,3.0",79,14,14,11,16,11,14,12,11
1,2,5,2,3,2,2,2,3,4,1,2,4.0,2.0,1.0,3.0,4.0,2.0,4.0,3.0,3.0,2,2,3,4,3,2.0,2,4,"1.0,4.0",1.0,3.0,"2.0,3.0",3.0,2.0,1.0,2.0,2.0,2.0,2.0,2.0,"2.0,4.0",79,18,12,13,14,14,18,14,15
1,2,5,2,8,2,2,3,4,2,1,2,2.0,4.0,3.0,1.0,1.0,4.0,4.0,2.0,1.0,2,2,3,4,1,1.0,2,4,3.0,3.0,4.0,2.0,3.0,4.0,3.0,4.0,4.0,3.0,1.0,1.0,"2.0,3.0",79,10,8,9,10,10,11,12,10
1,2,5,1,8,2,2,2,4,4,3,2,3.0,2.0,3.0,3.0,1.0,4.0,2.0,2.0,3.0,2,1,1,3,2,2.0,2,3,"2.0,4.0",3.0,4.0,"3.0,4.0",3.0,4.0,3.0,4.0,4.0,4.0,2.0,1.0,4.0,79,11,11,14,13,12,15,18,18
1,2,5,1,6,2,4,1,3,4,1,2,2.0,4.0,4.0,2.0,4.0,2.0,3.0,3.0,4.0,2,1,3,4,1,1.0,2,2,"1.0,4.0",1.0,1.0,"2.0,4.0",1.0,3.0,2.0,4.0,2.0,1.0,2.0,1.0,"1.0,2.0,4.0",79,12,13,17,17,16,16,18,18
1,2,5,2,8,2,2,2,3,4,1,2,4.0,1.0,1.0,3.0,3.0,3.0,4.0,1.0,2.0,2,2,3,4,1,2.0,2,4,"1.0,4.0",2.0,1.0,"2.0,3.0",4.0,2.0,2.0,4.0,3.0,2.0,2.0,"1.0,4.0","2.0,3.0",79,15,16,16,16,11,14,12,8
1,2,5,1,1,2,4,2,4,2,1,2,4.0,1.0,1.0,4.0,3.0,3.0,4.0,2.0,2.0,4,2,3,2,1,1.0,2,3,"2.0,3.0",1.0,1.0,3.0,4.0,2.0,2.0,3.0,3.0,3.0,2.0,1.0,3.0,79,14,18,18,18,14,16,17,18
1,2,5,1,1,2,4,1,3,2,2,2,3.0,2.0,2.0,2.0,4.0,4.0,4.0,3.0,2.0,2,3,4,3,3,2.0,2,2,4.0,1.0,1.0,"2.0,3.0",2.0,4.0,2.0,2.0,3.0,2.0,2.0,1.0,"3.0,4.0",79,15,19,17,15,14,14,12,12
1,2,5,1,3,2,2,2,3,2,1,2,1.0,3.0,4.0,1.0,2.0,1.0,4.0,4.0,2.0,4,1,3,2,1,2.0,2,2,"1.0,2.0,4.0",3.0,2.0,"2.0,4.0",3.0,1.0,2.0,3.0,4.0,3.0,2.0,1.0,"1.0,3.0",79,15,12,14,14,11,12,14,15
1,2,5,1,3,2,2,2,3,4,1,2,4.0,2.0,1.0,4.0,2.0,1.0,4.0,3.0,2.0,4,1,2,2,1,1.0,2,3,1.0,2.0,1.0,2.0,4.0,4.0,3.0,2.0,3.0,2.0,1.0,1.0,"3.0,4.0",79,13,11,12,13,14,11,10,11
1,2,5,2,5,2,2,2,3,4,1,2,1.0,1.0,1.0,4.0,2.0,4.0,4.0,3.0,,2,2,3,4,1,2.0,2,2,"2.0,3.0",1.0,3.0,2.0,1.0,3.0,4.0,4.0,3.0,3.0,1.0,1.0,2.0,79,14,16,11,15,9,14,13,11
1,2,5,3,3,2,2,2,4,3,1,2,2.0,2.0,3.0,4.0,4.0,3.0,4.0,4.0,3.0,2,2,3,4,3,1.0,2,3,2.0,3.0,2.0,"2.0,4.0",1.0,2.0,3.0,2.0,3.0,3.0,2.0,"1.0,2.0",3.0,79,17,15,13,11,16,19,12,16
1,2,6,2,2,2,2,2,3,4,4,2,2.0,1.0,1.0,1.0,3.0,1.0,1.0,3.0,3.0,2,2,3,4,1,1.0,2,3,4.0,2.0,1.0,"2.0,3.0",3.0,4.0,1.0,1.0,2.0,2.0,1.0,1.0,2.0,78,13,13,13,17,14,14,14,17
1,2,6,1,8,2,2,2,3,3,1,2,2.0,3.0,1.0,1.0,1.0,4.0,1.0,2.0,1.0,2,2,3,1,1,2.0,2,4,"1.0,3.0,4.0",3.0,1.0,"2.0,3.0",2.0,2.0,2.0,1.0,4.0,2.0,2.0,"1.0,4.0","3.0,4.0",78,10,10,11,11,8,12,11,10
1,2,6,2,2,2,2,4,3,4,1,2,3.0,2.0,1.0,3.0,2.0,1.0,2.0,2.0,4.0,2,2,3,4,1,1.0,2,4,1.0,3.0,1.0,"2.0,3.0",3.0,3.0,1.0,2.0,3.0,2.0,2.0,"1.0,4.0","2.0,3.0",78,9,9,13,13,7,9,10,8
1,2,6,1,8,2,2,4,3,4,1,1,4.0,2.0,1.0,3.0,1.0,3.0,2.0,1.0,1.0,2,2,3,4,1,1.0,2,4,1.0,2.0,1.0,"2.0,3.0",2.0,2.0,1.0,2.0,3.0,2.0,1.0,"1.0,3.0","3.0,4.0",78,17,16,16,17,14,16,16,18
1,2,6,1,1,2,4,1,1,4,1,2,2.0,4.0,2.0,4.0,3.0,4.0,4.0,4.0,4.0,2,3,4,4,1,1.0,2,1,"1.0,3.0",1.0,1.0,"2.0,3.0",3.0,3.0,1.0,2.0,4.0,2.0,2.0,"1.0,2.0","3.0,4.0",78,12,14,11,17,13,13,13,15
1,2,6,2,2,2,2,2,3,2,1,2,1.0,4.0,1.0,3.0,4.0,1.0,3.0,3.0,1.0,2,2,3,4,1,2.0,2,4,"2.0,3.0",3.0,3.0,"1.0,4.0",3.0,4.0,2.0,2.0,3.0,1.0,2.0,"2.0,3.0","3.0,4.0",78,14,16,15,16,15,14,14,13
1,2,6,2,6,2,2,2,3,4,3,2,4.0,1.0,1.0,3.0,2.0,3.0,3.0,2.0,2.0,2,2,3,4,1,1.0,2,4,"1.0,3.0",1.0,1.0,"2.0,4.0",2.0,1.0,1.0,2.0,3.0,1.0,1.0,4.0,3.0,78,14,13,16,18,13,11,12,18
1,2,6,2,1,2,2,2,3,4,1,2,4.0,3.0,1.0,3.0,4.0,1.0,2.0,2.0,2.0,2,2,3,4,1,1.0,2,3,"1.0,4.0",2.0,1.0,"2.0,3.0",3.0,3.0,1.0,2.0,2.0,2.0,2.0,4.0,3.0,78,16,18,18,18,16,18,15,18
1,2,6,1,1,2,2,2,3,4,1,2,4.0,2.0,2.0,3.0,1.0,1.0,2.0,2.0,2.0,2,2,3,4,1,1.0,2,4,"1.0,4.0",2.0,1.0,"2.0,3.0",3.0,2.0,1.0,2.0,3.0,2.0,2.0,"1.0,4.0","2.0,3.0",78,12,13,16,14,11,15,12,15
1,2,6,2,6,2,2,2,3,4,1,2,4.0,2.0,1.0,3.0,3.0,1.0,2.0,2.0,2.0,2,2,3,4,1,1.0,2,4,4.0,2.0,1.0,"2.0,3.0",3.0,3.0,1.0,2.0,2.0,2.0,1.0,"1.0,4.0","2.0,3.0",78,17,16,18,18,19,16,18,16
1,2,6,2,9,2,2,2,3,1,1,2,4.0,2.0,1.0,3.0,4.0,1.0,2.0,3.0,3.0,2,2,3,4,1,1.0,2,4,4.0,2.0,1.0,3.0,3.0,4.0,1.0,2.0,2.0,2.0,1.0,1.0,2.0,78,17,18,15,17,16,17,17,17
1,2,6,1,5,2,4,2,1,4,1,2,4.0,2.0,1.0,4.0,4.0,4.0,3.0,2.0,2.0,4,1,3,4,1,2.0,2,4,1.0,3.0,1.0,2.0,3.0,3.0,1.0,3.0,3.0,2.0,2.0,"1.0,4.0",2.0,78,16,18,17,17,16,17,17,17
1,2,6,2,2,2,2,2,2,4,2,2,3.0,1.0,1.0,1.0,2.0,1.0,1.0,4.0,3.0,2,2,2,4,4,2.0,2,4,1.0,2.0,1.0,3.0,3.0,4.0,2.0,1.0,2.0,1.0,2.0,1.0,1.0,78,12,14,9,15,12,11,12,17
1,2,6,2,6,2,2,2,3,4,4,2,4.0,2.0,1.0,3.0,2.0,3.0,3.0,2.0,3.0,2,2,3,4,1,1.0,2,4,"1.0,4.0",3.0,1.0,"2.0,3.0",3.0,2.0,1.0,2.0,2.0,2.0,2.0,"1.0,4.0","2.0,3.0",78,12,16,17,18,12,18,18,18
1,2,6,2,9,2,2,2,3,4,1,2,4.0,2.0,1.0,3.0,2.0,1.0,2.0,3.0,2.0,2,2,3,4,1,1.0,2,4,"1.0,4.0",2.0,3.0,"2.0,3.0",3.0,3.0,1.0,2.0,2.0,2.0,1.0,1.0,"2.0,3.0",78,15,14,16,14,12,15,18,18
1,2,6,2,3,2,2,2,3,4,1,2,3.0,2.0,1.0,3.0,1.0,3.0,1.0,4.0,2.0,2,2,3,4,1,2.0,2,4,"2.0,3.0",3.0,1.0,"2.0,4.0",3.0,3.0,1.0,2.0,3.0,3.0,2.0,"2.0,3.0,4.0","1.0,3.0,4.0",78,14,15,15,17,13,15,15,16
1,2,6,1,6,2,2,2,3,4,1,2,1.0,1.0,1.0,2.0,1.0,2.0,1.0,3.0,3.0,2,4,3,4,1,1.0,2,4,"1.0,4.0",2.0,1.0,2.0,3.0,2.0,1.0,1.0,3.0,2.0,1.0,1.0,4.0,78,11,12,12,16,15,12,14,18
1,2,6,1,8,2,2,2,1,4,1,2,4.0,2.0,1.0,3.0,4.0,4.0,2.0,3.0,2.0,2,2,3,4,1,1.0,2,1,"1.0,4.0",4.0,1.0,"2.0,3.0",3.0,4.0,3.0,2.0,3.0,1.0,1.0,"2.0,3.0",1.0,78,10,14,11,14,9,16,15,17
1,2,6,1,4,2,2,2,2,4,1,2,4.0,3.0,1.0,3.0,3.0,1.0,3.0,4.0,2.0,2,2,3,4,1,1.0,2,4,"1.0,4.0",2.0,2.0,"1.0,4.0",3.0,3.0,2.0,2.0,4.0,2.0,2.0,"1.0,4.0","2.0,3.0",78,12,14,12,12,12,14,14,16
1,2,6,1,6,2,2,2,4,2,4,2,4.0,1.0,3.0,4.0,1.0,3.0,1.0,3.0,2.0,2,2,3,4,4,2.0,2,1,1.0,2.0,1.0,3.0,3.0,4.0,4.0,2.0,2.0,2.0,2.0,"2.0,3.0,4.0","2.0,3.0",78,11,13,16,16,11,13,15,18
1,2,6,1,1,2,2,2,3,4,1,2,4.0,2.0,2.0,3.0,3.0,3.0,4.0,3.0,1.0,2,2,3,4,1,1.0,2,4,"1.0,4.0",2.0,1.0,"2.0,3.0",3.0,3.0,1.0,2.0,2.0,2.0,1.0,"1.0,4.0","2.0,4.0",78,20,16,16,16,16,17,15,16
1,2,6,2,1,2,2,2,3,4,1,2,3.0,2.0,1.0,3.0,2.0,1.0,4.0,2.0,3.0,2,2,3,4,1,2.0,2,4,1.0,1.0,1.0,"3.0,4.0",3.0,2.0,3.0,2.0,2.0,2.0,2.0,1.0,3.0,78,19,18,15,17,17,18,17,16
2,3,7,1,3,2,3,1,4,2,2,3,4.0,3.0,1.0,4.0,2.0,3.0,4.0,2.0,2.0,3,3,3,4,1,1.0,2,3,1.0,1.0,1.0,4.0,4.0,3.0,2.0,3.0,3.0,2.0,1.0,2.0,2.0,88,18,17,9,16,16,12,10,15
2,3,7,2,3,2,2,1,1,3,1,2,4.0,4.0,4.0,3.0,4.0,4.0,4.0,4.0,4.0,2,2,3,4,1,1.0,2,4,"1.0,4.0",2.0,1.0,"2.0,3.0",4.0,4.0,1.0,2.0,2.0,2.0,2.0,"2.0,4.0",2.0,88,14,16,11,16,14,21,18,18
2,3,7,2,4,1,4,2,3,1,1,2,2.0,1.0,1.0,4.0,3.0,4.0,3.0,4.0,4.0,2,2,3,4,1,1.0,2,4,"1.0,4.0",2.0,1.0,"2.0,3.0",3.0,4.0,4.0,4.0,3.0,2.0,1.0,2.0,"2.0,4.0",88,21,19,16,18,21,21,18,18
2,3,7,1,3,1,4,1,3,4,2,3,4.0,2.0,3.0,2.0,3.0,3.0,4.0,4.0,1.0,2,2,3,4,1,1.0,2,4,"1.0,4.0",3.0,1.0,3.0,3.0,3.0,1.0,2.0,3.0,2.0,1.0,2.0,4.0,88,17,12,9,14,20,17,18,18
2,3,7,1,3,2,3,3,3,4,1,2,3.0,1.0,1.0,4.0,3.0,2.0,3.0,3.0,2.0,2,2,3,4,1,1.0,2,4,"1.0,4.0",2.0,1.0,"2.0,3.0",4.0,4.0,1.0,2.0,2.0,2.0,1.0,1.0,4.0,88,16,12,10,15,15,21,18,18
2,3,7,2,3,2,2,2,3,4,1,2,3.0,1.0,1.0,1.0,3.0,1.0,3.0,2.0,3.0,2,2,3,4,1,1.0,2,4,"1.0,4.0",2.0,1.0,"2.0,3.0",4.0,4.0,1.0,2.0,2.0,2.0,2.0,"1.0,4.0",3.0,88,16,12,10,16,17,18,18,18
2,3,7,2,3,2,2,2,3,4,1,2,3.0,1.0,1.0,1.0,1.0,3.0,2.0,2.0,3.0,2,2,3,4,1,1.0,2,4,"1.0,4.0",2.0,1.0,"2.0,3.0",4.0,4.0,1.0,2.0,2.0,2.0,2.0,2.0,2.0,88,16,10,10,15,17,17,18,18
2,3,7,2,3,2,4,2,3,4,1,2,3.0,1.0,1.0,3.0,1.0,3.0,2.0,3.0,2.0,2,2,3,4,1,1.0,2,3,"1.0,4.0",2.0,1.0,"2.0,3.0",4.0,4.0,1.0,2.0,2.0,2.0,1.0,1.0,2.0,88,13,14,13,13,21,21,18,18
2,3,7,1,3,1,1,3,2,4,3,2,3.0,3.0,2.0,4.0,2.0,4.0,2.0,3.0,3.0,2,2,3,4,1,1.0,2,4,"1.0,4.0",3.0,1.0,3.0,3.0,3.0,1.0,2.0,3.0,2.0,2.0,2.0,2.0,88,15,14,12,13,19,18,18,18
2,4,8,1,1,2,2,2,3,4,1,2,4.0,2.0,1.0,3.0,4.0,1.0,3.0,3.0,3.0,2,2,3,4,1,1.0,2,4,3.0,2.0,1.0,3.0,3.0,2.0,1.0,2.0,2.0,2.0,1.0,"1.0,4.0",3.0,82,10,12,11,8,11,16,15,12
2,4,8,2,1,3,2,2,3,4,1,2,3.0,2.0,3.0,1.0,1.0,3.0,4.0,4.0,3.0,2,2,1,4,1,1.0,1,4,1.0,3.0,1.0,"2.0,3.0",1.0,3.0,1.0,2.0,2.0,2.0,2.0,"1.0,4.0","1.0,2.0,3.0,4.0",82,13,12,14,18,16,17,18,18
2,4,8,2,1,2,2,2,3,4,1,2,4.0,1.0,1.0,3.0,2.0,1.0,2.0,2.0,2.0,2,2,3,4,1,1.0,2,4,"1.0,4.0",2.0,1.0,"2.0,3.0",3.0,2.0,1.0,2.0,4.0,2.0,2.0,"1.0,3.0,4.0","2.0,3.0",82,12,12,14,13,13,13,12,16
2,4,8,1,3,1,2,2,1,3,3,2,1.0,2.0,4.0,4.0,3.0,4.0,3.0,4.0,2.0,2,2,2,4,1,1.0,2,4,1.0,3.0,3.0,1.0,3.0,1.0,1.0,2.0,2.0,2.0,2.0,3.0,2.0,82,12,12,12,10,12,13,16,12
2,4,8,2,3,1,2,2,4,4,1,2,2.0,3.0,1.0,3.0,4.0,3.0,3.0,3.0,3.0,2,2,3,4,1,1.0,2,1,"1.0,4.0",2.0,2.0,"3.0,4.0",3.0,1.0,2.0,2.0,3.0,3.0,1.0,"1.0,4.0",3.0,82,12,14,13,18,16,18,17,17
2,4,8,1,3,3,2,2,3,4,1,2,4.0,3.0,1.0,3.0,2.0,4.0,2.0,4.0,2.0,2,2,3,4,1,1.0,2,4,"1.0,4.0",3.0,1.0,"2.0,3.0",3.0,2.0,3.0,4.0,2.0,2.0,1.0,"1.0,2.0","2.0,4.0",82,12,12,13,13,11,16,12,15
2,4,8,2,1,2,4,2,3,4,2,3,4.0,4.0,1.0,4.0,4.0,4.0,2.0,3.0,4.0,2,1,4,4,1,1.0,2,2,"2.0,3.0",3.0,1.0,"2.0,3.0",1.0,2.0,3.0,2.0,4.0,2.0,1.0,"3.0,4.0","1.0,4.0",82,14,16,16,16,15,17,18,18
2,4,8,1,1,3,2,2,3,4,3,1,1.0,1.0,1.0,1.0,3.0,1.0,2.0,4.0,2.0,2,2,3,4,1,1.0,2,4,1.0,2.0,1.0,"2.0,3.0",3.0,2.0,1.0,2.0,2.0,2.0,1.0,1.0,1.0,82,17,16,18,18,16,21,18,18
2,4,8,2,3,3,2,2,3,4,1,2,4.0,2.0,1.0,3.0,2.0,1.0,3.0,3.0,3.0,2,2,3,4,1,1.0,2,3,"1.0,4.0",2.0,1.0,"3.0,4.0",3.0,2.0,1.0,2.0,3.0,2.0,1.0,1.0,3.0,82,13,13,13,16,14,15,13,16
2,4,8,1,1,3,2,2,3,4,1,2,4.0,3.0,1.0,1.0,1.0,1.0,2.0,3.0,2.0,2,2,3,4,1,1.0,2,1,"2.0,3.0",3.0,1.0,"1.0,4.0",3.0,4.0,1.0,2.0,3.0,2.0,1.0,"2.0,3.0","2.0,3.0",82,19,17,18,18,17,16,18,17
2,5,9,2,6,2,3,1,3,2,3,3,1.0,4.0,3.0,1.0,4.0,4.0,1.0,4.0,4.0,2,2,3,4,1,1.0,3,4,"1.0,4.0",2.0,1.0,"2.0,3.0",3.0,3.0,1.0,1.0,3.0,2.0,1.0,1.0,3.0,70,21,21,18,18,9,15,15,14
2,5,9,2,1,2,4,2,1,3,4,4,3.0,4.0,4.0,1.0,3.0,1.0,1.0,1.0,4.0,2,2,3,4,1,1.0,2,4,"2.0,3.0",3.0,1.0,"2.0,4.0",3.0,2.0,1.0,2.0,2.0,2.0,2.0,4.0,4.0,70,13,16,17,13,17,18,17,12
2,5,9,2,6,2,2,2,3,4,3,3,4.0,2.0,1.0,3.0,1.0,1.0,2.0,3.0,2.0,2,2,3,4,1,1.0,2,4,"1.0,4.0",2.0,1.0,"2.0,3.0",3.0,3.0,1.0,1.0,3.0,2.0,2.0,4.0,3.0,70,13,16,14,12,18,20,16,16
2,5,9,1,2,2,2,3,3,4,1,1,1.0,3.0,3.0,3.0,4.0,2.0,2.0,2.0,3.0,2,2,3,4,1,1.0,2,4,"2.0,3.0",3.0,1.0,"2.0,4.0",3.0,2.0,1.0,2.0,2.0,2.0,2.0,"2.0,3.0","2.0,3.0",70,10,15,14,17,15,16,15,14
2,5,9,1,6,2,2,2,1,3,1,2,4.0,1.0,1.0,3.0,4.0,4.0,3.0,3.0,3.0,2,2,3,4,1,1.0,2,4,"2.0,3.0",3.0,1.0,"2.0,4.0",3.0,2.0,1.0,2.0,2.0,2.0,2.0,2.0,4.0,70,13,8,6,6,20,18,18,18
2,5,9,1,2,2,2,1,1,4,1,2,1.0,2.0,1.0,1.0,2.0,3.0,3.0,2.0,1.0,2,2,3,4,1,1.0,2,4,"2.0,3.0",3.0,1.0,"2.0,4.0",3.0,2.0,1.0,2.0,2.0,2.0,2.0,"1.0,2.0","2.0,4.0",70,17,17,14,15,15,16,16,14
2,5,9,1,6,2,4,1,3,4,2,2,2.0,4.0,1.0,4.0,4.0,2.0,2.0,4.0,1.0,2,2,3,4,1,1.0,2,4,"2.0,3.0",3.0,1.0,"2.0,4.0",3.0,2.0,1.0,4.0,2.0,2.0,2.0,2.0,2.0,70,15,14,14,10,16,14,16,16
2,5,9,2,2,2,2,2,1,4,1,2,2.0,1.0,1.0,3.0,2.0,3.0,1.0,2.0,1.0,2,2,3,4,1,1.0,2,4,"2.0,3.0",3.0,1.0,"2.0,4.0",3.0,2.0,1.0,2.0,2.0,2.0,2.0,"2.0,3.0","3.0,4.0",70,12,15,13,15,19,16,17,16
2,5,9,2,2,2,2,3,3,2,2,4,2.0,4.0,4.0,3.0,3.0,2.0,4.0,2.0,3.0,2,2,3,4,1,1.0,2,4,"2.0,3.0",3.0,1.0,"2.0,4.0",3.0,2.0,1.0,2.0,2.0,2.0,2.0,2.0,"3.0,4.0",70,12,10,10,14,21,21,18,18
2,5,9,1,2,2,4,4,1,4,3,1,4.0,3.0,1.0,3.0,4.0,4.0,1.0,2.0,4.0,2,2,3,4,1,2.0,2,4,"1.0,4.0",2.0,1.0,2.0,3.0,3.0,2.0,1.0,3.0,2.0,2.0,3.0,4.0,70,13,15,15,17,13,17,16,17
2,5,9,1,2,2,4,3,1,4,1,2,3.0,3.0,3.0,3.0,1.0,4.0,4.0,2.0,1.0,2,2,3,4,1,1.0,2,4,"1.0,4.0",2.0,1.0,2.0,1.0,1.0,2.0,1.0,1.0,1.0,2.0,2.0,3.0,70,12,16,17,18,14,19,16,17
2,5,9,2,6,2,2,2,1,3,1,1,2.0,2.0,1.0,1.0,4.0,4.0,4.0,3.0,1.0,2,2,3,4,1,1.0,2,4,"1.0,4.0",2.0,1.0,"2.0,3.0",3.0,3.0,1.0,2.0,2.0,2.0,2.0,3.0,3.0,70,16,12,13,13,19,17,16,16
2,5,9,2,2,2,1,2,1,4,1,1,3.0,3.0,1.0,3.0,3.0,2.0,1.0,2.0,4.0,2,2,3,4,1,1.0,2,4,"2.0,4.0",2.0,1.0,2.0,2.0,3.0,1.0,4.0,3.0,2.0,2.0,1.0,3.0,70,16,13,11,12,13,13,14,14
2,5,9,1,2,2,1,1,4,2,2,2,3.0,3.0,3.0,4.0,3.0,2.0,3.0,2.0,2.0,2,2,3,4,1,1.0,2,4,"1.0,4.0",2.0,1.0,"2.0,3.0",3.0,3.0,2.0,1.0,2.0,3.0,2.0,3.0,2.0,70,12,12,14,10,15,19,17,16
2,5,9,1,2,2,4,4,1,1,3,4,3.0,4.0,3.0,4.0,4.0,4.0,2.0,2.0,1.0,2,2,3,4,4,2.0,2,4,"1.0,4.0",1.0,1.0,"2.0,3.0",4.0,4.0,2.0,1.0,4.0,4.0,2.0,3.0,4.0,70,9,10,18,18,14,15,13,14
2,5,9,1,6,2,2,2,3,3,4,2,4.0,4.0,1.0,2.0,3.0,1.0,1.0,3.0,4.0,2,2,3,4,1,1.0,2,4,"1.0,4.0",2.0,1.0,"2.0,3.0",3.0,3.0,2.0,1.0,4.0,4.0,2.0,2.0,4.0,70,18,16,15,16,16,17,17,17
2,5,9,2,8,2,1,1,4,2,1,2,4.0,3.0,2.0,4.0,4.0,4.0,3.0,3.0,4.0,2,2,3,4,1,1.0,2,4,"1.0,4.0",2.0,1.0,"2.0,4.0",2.0,3.0,3.0,4.0,2.0,,2.0,2.0,3.0,70,12,11,15,18,13,16,16,16
2,5,9,1,6,2,2,4,1,3,1,2,2.0,1.0,3.0,3.0,3.0,4.0,2.0,3.0,1.0,2,2,3,4,1,1.0,2,4,"1.0,4.0",2.0,1.0,"2.0,3.0",3.0,3.0,2.0,1.0,2.0,3.0,2.0,"1.0,4.0","3.0,4.0",70,13,11,11,14,12,14,13,13
2,5,9,2,1,2,2,2,3,4,4,2,3.0,3.0,2.0,3.0,1.0,2.0,1.0,2.0,1.0,2,2,3,4,1,1.0,2,4,"1.0,4.0",2.0,1.0,"2.0,3.0",3.0,3.0,1.0,2.0,2.0,1.0,1.0,1.0,2.0,70,12,16,15,17,12,16,13,18
2,5,9,1,5,2,4,2,2,4,1,3,1.0,2.0,4.0,1.0,2.0,2.0,1.0,3.0,1.0,2,2,3,4,1,2.0,2,4,"1.0,4.0",2.0,1.0,"2.0,3.0",3.0,3.0,2.0,1.0,3.0,3.0,2.0,1.0,3.0,70,16,15,15,16,10,15,10,9
2,5,9,2,8,2,2,2,3,1,4,2,1.0,4.0,1.0,2.0,3.0,2.0,3.0,3.0,1.0,2,1,3,4,1,1.0,2,4,"1.0,4.0",2.0,1.0,"2.0,3.0",3.0,3.0,1.0,2.0,2.0,1.0,2.0,1.0,2.0,70,14,15,17,18,13,16,16,14
2,5,9,1,8,2,2,2,1,4,1,1,1.0,4.0,2.0,3.0,1.0,3.0,1.0,1.0,1.0,2,2,3,4,1,1.0,2,4,"1.0,4.0",2.0,1.0,"2.0,4.0",3.0,3.0,2.0,4.0,1.0,2.0,2.0,1.0,4.0,70,13,15,13,17,21,19,17,18
2,5,9,2,2,2,2,2,4,3,1,1,1.0,2.0,2.0,3.0,4.0,3.0,1.0,1.0,2.0,2,2,3,4,1,1.0,2,4,"2.0,3.0",3.0,1.0,"2.0,4.0",3.0,2.0,1.0,2.0,2.0,2.0,2.0,1.0,2.0,70,20,16,16,18,20,18,18,18
2,5,9,1,2,2,4,1,3,2,2,2,2.0,3.0,4.0,3.0,2.0,1.0,1.0,4.0,3.0,2,2,3,4,1,1.0,2,4,"1.0,4.0",2.0,1.0,"2.0,3.0",3.0,3.0,3.0,,,,2.0,1.0,1.0,70,12,11,10,17,17,13,15,18
2,5,9,1,8,2,2,1,4,4,1,2,2.0,,,,,,,,,2,2,3,4,1,2.0,2,4,"2.0,3.0",3.0,1.0,"2.0,4.0",3.0,2.0,1.0,2.0,2.0,2.0,2.0,1.0,,70,10,14,12,13,19,16,16,15
3,6,10,2,6,1,2,2,1,4,4,3,3.0,4.0,3.0,1.0,4.0,4.0,4.0,3.0,3.0,2,2,4,4,1,2.0,3,3,1.0,3.0,3.0,2.0,4.0,2.0,3.0,2.0,4.0,3.0,2.0,2.0,2.0,78,13,12,11,17,17,14,14,14
3,6,10,2,6,1,2,3,3,3,2,3,3.0,3.0,2.0,3.0,3.0,4.0,4.0,4.0,4.0,2,2,3,3,1,1.0,1,3,3.0,3.0,2.0,"1.0,3.0",1.0,4.0,1.0,1.0,3.0,1.0,2.0,"2.0,3.0",2.0,78,14,13,9,10,10,14,14,13
3,6,10,1,5,1,2,2,4,4,1,2,2.0,4.0,3.0,3.0,1.0,3.0,1.0,3.0,3.0,4,4,4,2,1,1.0,2,4,3.0,3.0,1.0,4.0,3.0,1.0,1.0,4.0,3.0,1.0,2.0,1.0,2.0,78,13,14,15,14,11,12,11,11
3,6,10,1,8,1,2,1,3,1,1,1,1.0,4.0,1.0,3.0,4.0,3.0,2.0,1.0,1.0,4,4,2,1,3,2.0,2,1,"1.0,4.0",3.0,1.0,"2.0,4.0",4.0,4.0,1.0,2.0,3.0,2.0,2.0,4.0,4.0,78,12,12,11,13,10,11,14,16
3,6,10,1,2,1,2,2,3,4,2,2,3.0,4.0,3.0,3.0,4.0,4.0,4.0,3.0,4.0,4,2,1,1,1,2.0,2,3,"2.0,3.0",2.0,2.0,2.0,,,,,,,2.0,2.0,3.0,78,12,10,14,14,14,14,13,18
3,6,10,2,6,1,4,2,3,4,1,2,3.0,4.0,4.0,4.0,1.0,4.0,4.0,4.0,4.0,2,2,3,3,1,1.0,3,3,1.0,3.0,2.0,3.0,3.0,2.0,3.0,3.0,4.0,3.0,2.0,"1.0,2.0",3.0,78,12,7,11,12,10,14,16,18
3,6,10,2,6,1,2,2,2,2,4,1,3.0,3.0,4.0,3.0,4.0,3.0,3.0,3.0,2.0,2,2,3,4,2,2.0,3,4,"1.0,3.0",,2.0,2.0,3.0,4.0,4.0,2.0,2.0,3.0,2.0,3.0,3.0,78,13,14,12,12,17,14,13,15
3,6,10,2,3,1,2,2,3,4,1,1,4.0,2.0,2.0,2.0,4.0,1.0,4.0,3.0,1.0,2,2,4,4,1,1.0,2,4,"1.0,4.0",2.0,1.0,"2.0,4.0",3.0,2.0,1.0,2.0,2.0,2.0,2.0,1.0,4.0,78,17,13,13,17,16,13,18,18
3,6,10,1,6,1,4,2,4,2,1,2,3.0,2.0,4.0,3.0,3.0,2.0,4.0,3.0,4.0,2,2,4,4,1,2.0,3,3,"1.0,2.0",3.0,4.0,1.0,3.0,2.0,1.0,1.0,1.0,4.0,1.0,2.0,"3.0,4.0",78,7,9,13,12,18,17,13,17
3,6,10,1,3,1,4,2,1,2,4,2,3.0,1.0,3.0,3.0,2.0,1.0,4.0,2.0,1.0,2,4,1,4,1,1.0,2,3,1.0,3.0,1.0,2.0,3.0,2.0,1.0,1.0,2.0,2.0,2.0,1.0,"1.0,3.0",78,15,16,12,14,16,16,17,16
3,6,10,2,1,1,4,1,3,4,4,2,4.0,1.0,3.0,3.0,1.0,2.0,1.0,1.0,1.0,2,2,3,2,1,2.0,2,4,2.0,2.0,3.0,"3.0,4.0",4.0,3.0,4.0,3.0,2.0,3.0,2.0,1.0,1.0,78,18,18,14,16,13,16,16,13
3,6,10,2,8,1,2,1,4,4,1,2,1.0,2.0,4.0,4.0,2.0,1.0,3.0,3.0,3.0,2,1,2,4,1,2.0,2,1,"1.0,2.0",2.0,3.0,4.0,3.0,1.0,4.0,4.0,3.0,4.0,2.0,2.0,4.0,78,8,8,8,8,8,9,13,14
3,6,10,2,1,1,4,2,3,4,1,2,2.0,3.0,1.0,3.0,1.0,3.0,4.0,3.0,2.0,2,2,3,4,1,1.0,2,4,"2.0,3.0",3.0,1.0,"2.0,3.0",3.0,3.0,1.0,2.0,2.0,2.0,1.0,1.0,"2.0,3.0",78,17,12,12,16,17,14,11,15
3,6,10,2,6,1,4,2,4,2,3,2,3.0,4.0,4.0,1.0,2.0,4.0,2.0,3.0,2.0,2,1,4,4,4,1.0,2,1,1.0,1.0,1.0,1.0,3.0,4.0,2.0,3.0,3.0,2.0,2.0,2.0,2.0,78,9,11,8,10,13,17,14,15
3,6,10,3,4,1,2,4,3,1,1,3,3.0,4.0,4.0,4.0,4.0,4.0,4.0,4.0,4.0,1,1,4,4,1,2.0,3,3,3.0,4.0,1.0,4.0,2.0,4.0,1.0,1.0,4.0,1.0,2.0,3.0,4.0,78,18,20,14,17,13,20,16,17
3,6,10,2,6,1,2,2,1,4,3,2,4.0,4.0,2.0,3.0,4.0,4.0,2.0,3.0,1.0,2,2,3,4,4,1.0,2,4,3.0,3.0,1.0,"2.0,4.0",3.0,4.0,4.0,4.0,4.0,1.0,2.0,2.0,2.0,78,14,16,17,16,13,15,17,14
3,6,10,1,1,1,4,2,4,4,2,2,3.0,3.0,4.0,3.0,4.0,4.0,4.0,3.0,2.0,2,2,2,4,1,1.0,2,3,2.0,4.0,3.0,3.0,1.0,4.0,1.0,4.0,3.0,4.0,2.0,3.0,3.0,78,16,16,15,16,10,14,13,16
3,6,10,1,8,1,1,1,1,1,3,3,3.0,4.0,4.0,4.0,3.0,4.0,2.0,2.0,4.0,2,2,3,4,3,2.0,2,2,3.0,3.0,1.0,4.0,3.0,1.0,3.0,1.0,4.0,3.0,2.0,2.0,4.0,78,11,15,12,17,13,15,16,18
3,6,10,1,6,1,1,4,3,4,4,4,2.0,4.0,4.0,4.0,,,,,,4,4,1,3,3,2.0,4,4,4.0,4.0,3.0,2.0,2.0,3.0,4.0,2.0,4.0,4.0,2.0,2.0,2.0,78,8,7,8,11,15,17,11,12
3,6,10,2,6,1,2,2,2,2,1,4,4.0,3.0,3.0,4.0,4.0,4.0,4.0,3.0,3.0,2,2,3,4,1,2.0,2,3,2.0,2.0,2.0,3.0,4.0,3.0,3.0,3.0,4.0,2.0,1.0,3.0,4.0,78,7,7,6,6,11,13,15,17
3,6,10,2,1,1,4,1,4,4,1,3,4.0,3.0,3.0,3.0,1.0,3.0,4.0,4.0,1.0,2,2,4,2,1,1.0,2,2,2.0,1.0,1.0,3.0,4.0,4.0,2.0,3.0,2.0,2.0,2.0,1.0,2.0,78,15,15,12,17,10,12,9,13
3,6,11,2,6,1,3,3,3,3,1,3,2.0,2.0,1.0,4.0,1.0,4.0,1.0,2.0,1.0,2,2,3,4,1,1.0,2,4,1.0,1.0,3.0,3.0,3.0,4.0,2.0,2.0,4.0,2.0,1.0,"1.0,2.0","2.0,3.0",69,16,9,14,17,14,13,16,18
3,6,11,1,1,1,1,3,1,1,4,3,4.0,4.0,3.0,3.0,2.0,3.0,4.0,2.0,2.0,2,2,4,4,4,1.0,2,2,"2.0,3.0",4.0,3.0,"3.0,4.0",4.0,3.0,4.0,4.0,2.0,1.0,2.0,2.0,"2.0,3.0",69,13,12,15,14,7,15,15,13
3,6,11,2,6,1,2,2,4,2,1,3,3.0,3.0,1.0,1.0,4.0,1.0,4.0,2.0,3.0,2,2,1,4,1,2.0,2,3,2.0,4.0,1.0,2.0,3.0,2.0,3.0,4.0,3.0,3.0,2.0,1.0,2.0,69,12,13,16,18,18,15,12,14
3,6,11,2,3,1,2,4,3,2,1,2,3.0,4.0,3.0,1.0,1.0,2.0,1.0,4.0,2.0,4,2,4,4,1,2.0,2,4,"1.0,2.0",3.0,3.0,"2.0,4.0",3.0,3.0,3.0,4.0,2.0,3.0,2.0,2.0,2.0,69,14,13,11,12,13,10,11,12
3,6,11,2,6,1,2,2,4,2,1,1,4.0,1.0,1.0,3.0,4.0,4.0,4.0,4.0,3.0,2,2,3,4,1,1.0,4,4,2.0,2.0,2.0,2.0,1.0,3.0,3.0,3.0,4.0,4.0,2.0,1.0,3.0,69,10,11,7,9,9,10,7,11
3,6,11,2,1,1,4,1,1,4,1,3,2.0,4.0,4.0,2.0,4.0,3.0,4.0,3.0,2.0,2,2,3,4,1,1.0,1,4,1.0,4.0,4.0,4.0,3.0,1.0,4.0,4.0,3.0,4.0,2.0,1.0,3.0,69,17,14,16,18,15,14,11,17
3,6,11,2,6,1,2,2,3,2,1,2,4.0,1.0,1.0,4.0,2.0,3.0,4.0,3.0,2.0,2,2,3,4,1,1.0,2,4,1.0,3.0,3.0,"2.0,3.0",3.0,1.0,3.0,4.0,3.0,2.0,2.0,2.0,2.0,69,11,11,10,12,11,11,14,13
3,6,11,2,1,1,4,2,1,1,4,1,4.0,2.0,1.0,1.0,4.0,1.0,4.0,3.0,4.0,2,2,1,2,1,2.0,1,2,"1.0,3.0",3.0,2.0,4.0,3.0,1.0,2.0,2.0,2.0,4.0,2.0,"1.0,4.0",2.0,69,16,11,15,14,14,17,12,15
3,6,11,2,3,1,2,2,3,1,2,2,4.0,1.0,3.0,3.0,3.0,2.0,3.0,4.0,3.0,2,2,3,4,1,2.0,2,4,3.0,3.0,3.0,3.0,4.0,1.0,3.0,3.0,4.0,3.0,2.0,2.0,4.0,69,15,13,12,14,15,13,9,12
3,6,11,2,3,1,2,2,3,4,1,2,4.0,3.0,1.0,1.0,1.0,4.0,4.0,1.0,2.0,2,3,3,4,2,1.0,2,4,1.0,2.0,1.0,"2.0,3.0",3.0,3.0,1.0,2.0,2.0,2.0,1.0,"2.0,3.0,4.0","2.0,4.0",69,8,8,9,8,8,7,9,6
3,6,11,1,6,1,4,4,1,1,2,2,3.0,4.0,3.0,2.0,4.0,4.0,4.0,4.0,2.0,2,2,1,1,3,2.0,2,1,"2.0,3.0",4.0,1.0,4.0,4.0,4.0,4.0,4.0,4.0,4.0,2.0,3.0,3.0,69,13,18,14,15,12,15,10,13
3,6,11,1,3,1,2,2,3,4,1,2,4.0,1.0,3.0,4.0,1.0,2.0,3.0,3.0,3.0,2,1,3,4,1,1.0,2,1,1.0,1.0,1.0,3.0,3.0,1.0,4.0,3.0,1.0,1.0,2.0,"1.0,2.0","2.0,4.0",69,12,13,14,14,14,14,16,16
3,6,11,1,6,1,2,4,1,4,3,3,3.0,3.0,4.0,1.0,4.0,1.0,3.0,2.0,2.0,2,2,1,2,4,2.0,2,2,3.0,3.0,3.0,4.0,3.0,4.0,3.0,4.0,3.0,3.0,2.0,2.0,1.0,69,11,11,10,8,12,11,14,11
3,6,11,1,6,1,2,2,3,1,3,3,2.0,1.0,4.0,4.0,4.0,1.0,4.0,3.0,3.0,2,2,4,3,3,2.0,1,4,1.0,2.0,2.0,4.0,4.0,4.0,3.0,4.0,3.0,3.0,2.0,2.0,4.0,69,10,9,10,11,9,9,9,12
3,6,11,1,3,1,2,2,3,4,1,2,4.0,1.0,2.0,2.0,1.0,4.0,4.0,3.0,2.0,2,2,3,4,1,1.0,2,3,"2.0,4.0",3.0,1.0,"2.0,4.0",1.0,2.0,3.0,2.0,1.0,2.0,1.0,1.0,2.0,69,16,18,15,12,17,18,13,16
3,6,11,2,3,1,2,2,3,3,1,3,2.0,4.0,1.0,1.0,2.0,1.0,3.0,2.0,3.0,2,1,4,2,1,2.0,2,1,2.0,3.0,4.0,4.0,3.0,3.0,3.0,4.0,4.0,2.0,2.0,2.0,4.0,69,12,13,11,14,15,14,11,13
3,6,11,2,3,1,2,2,3,4,1,2,4.0,1.0,4.0,1.0,1.0,2.0,4.0,2.0,3.0,2,2,3,4,1,1.0,2,4,1.0,2.0,1.0,"2.0,3.0",4.0,2.0,2.0,3.0,4.0,2.0,1.0,1.0,2.0,69,12,15,13,13,13,15,16,16
3,6,11,2,1,1,2,2,3,4,2,2,4.0,4.0,1.0,3.0,2.0,1.0,3.0,3.0,4.0,2,2,3,4,1,1.0,2,2,"2.0,3.0",1.0,4.0,"2.0,3.0",3.0,2.0,1.0,2.0,4.0,4.0,1.0,"2.0,3.0","3.0,4.0",69,17,15,12,15,13,15,14,15
3,6,11,1,1,1,2,2,3,4,1,3,2.0,3.0,2.0,4.0,3.0,1.0,4.0,3.0,3.0,3,1,3,4,2,2.0,2,2,"1.0,3.0",4.0,1.0,"1.0,3.0",4.0,1.0,4.0,2.0,1.0,1.0,2.0,2.0,3.0,69,13,14,13,13,16,12,10,13
3,6,11,2,3,1,2,2,4,3,1,2,4.0,4.0,1.0,2.0,4.0,4.0,2.0,4.0,3.0,2,2,1,2,1,1.0,4,4,"2.0,4.0",3.0,1.0,4.0,3.0,3.0,3.0,3.0,2.0,1.0,1.0,4.0,3.0,69,13,11,12,13,10,9,10,13
3,6,11,1,6,1,2,1,1,4,3,3,4.0,2.0,3.0,1.0,1.0,4.0,2.0,2.0,2.0,2,1,4,4,2,2.0,2,2,2.0,4.0,3.0,3.0,1.0,4.0,2.0,4.0,1.0,1.0,2.0,3.0,4.0,69,13,15,17,16,18,15,17,17
3,6,11,1,1,1,2,2,1,2,1,3,3.0,3.0,3.0,3.0,4.0,3.0,3.0,3.0,4.0,2,1,1,4,3,2.0,2,3,2.0,2.0,2.0,4.0,3.0,4.0,3.0,2.0,3.0,3.0,2.0,2.0,2.0,69,11,15,12,11,12,13,12,12
3,6,11,1,1,1,4,3,1,4,3,2,3.0,3.0,4.0,1.0,3.0,3.0,2.0,3.0,2.0,2,3,3,1,1,1.0,3,3,2.0,3.0,4.0,2.0,3.0,4.0,4.0,3.0,4.0,3.0,1.0,2.0,4.0,69,12,13,12,13,11,13,14,15
3,7,12,2,1,3,2,2,3,4,1,2,4.0,3.0,1.0,1.0,3.0,1.0,2.0,2.0,2.0,2,4,2,4,1,1.0,2,4,"2.0,3.0",3.0,1.0,"2.0,3.0",3.0,3.0,1.0,2.0,3.0,2.0,1.0,"1.0,4.0","2.0,4.0",100,21,20,18,18,21,20,18,18
3,7,12,2,1,3,2,2,3,4,1,2,4.0,1.0,1.0,3.0,3.0,1.0,2.0,2.0,2.0,2,2,3,4,1,1.0,2,4,1.0,3.0,1.0,"2.0,3.0",3.0,3.0,1.0,2.0,2.0,2.0,1.0,4.0,"2.0,3.0",100,13,13,14,15,13,11,11,12
3,7,12,2,6,3,2,2,3,4,1,2,4.0,1.0,1.0,3.0,3.0,1.0,2.0,4.0,2.0,2,2,3,4,1,1.0,2,4,"2.0,3.0",2.0,1.0,"2.0,3.0",3.0,2.0,1.0,2.0,1.0,2.0,1.0,"1.0,4.0","2.0,3.0",100,8,9,6,7,7,9,6,8
3,7,12,1,6,3,2,2,3,4,1,2,4.0,1.0,1.0,1.0,2.0,3.0,2.0,2.0,1.0,2,2,3,4,1,1.0,2,3,"2.0,4.0",2.0,1.0,"2.0,3.0",3.0,2.0,1.0,2.0,3.0,2.0,1.0,"1.0,4.0","2.0,3.0",100,13,12,17,17,13,15,15,17
3,7,12,1,1,3,2,2,3,4,1,2,4.0,1.0,1.0,3.0,2.0,1.0,2.0,3.0,2.0,2,2,4,4,1,1.0,2,4,4.0,3.0,1.0,"2.0,4.0",4.0,2.0,1.0,2.0,2.0,2.0,2.0,1.0,"2.0,3.0",100,13,12,12,17,7,12,12,16
3,7,12,2,6,3,2,2,3,4,1,2,3.0,1.0,1.0,1.0,3.0,1.0,4.0,3.0,2.0,2,2,3,4,1,1.0,2,3,1.0,2.0,1.0,"2.0,4.0",3.0,2.0,1.0,4.0,3.0,3.0,2.0,1.0,"3.0,4.0",100,10,7,7,8,7,8,6,6
3,7,12,3,8,3,2,2,3,4,1,1,4.0,2.0,1.0,3.0,2.0,1.0,2.0,3.0,2.0,2,2,3,4,1,1.0,2,4,"1.0,4.0",2.0,1.0,"2.0,4.0",3.0,2.0,1.0,2.0,2.0,2.0,1.0,1.0,3.0,100,7,8,8,13,9,8,9,10
3,7,12,2,3,3,3,2,3,4,1,2,4.0,1.0,2.0,3.0,1.0,4.0,1.0,3.0,3.0,2,2,3,4,1,1.0,2,4,4.0,2.0,1.0,"2.0,4.0",3.0,3.0,2.0,2.0,1.0,4.0,2.0,"1.0,3.0","1.0,2.0",100,8,9,8,9,9,7,6,8
3,7,12,2,1,3,2,2,3,4,1,2,4.0,2.0,1.0,3.0,2.0,1.0,4.0,2.0,1.0,2,2,3,4,1,1.0,2,4,1.0,1.0,1.0,"2.0,3.0",3.0,2.0,1.0,2.0,1.0,1.0,1.0,1.0,3.0,100,7,7,6,6,7,7,6,6
3,7,12,1,1,3,4,1,4,3,1,4,2.0,2.0,2.0,2.0,3.0,4.0,3.0,3.0,3.0,4,3,3,4,1,1.0,2,4,"2.0,3.0",3.0,1.0,"2.0,4.0",2.0,1.0,1.0,3.0,2.0,3.0,1.0,"2.0,3.0",2.0,100,7,7,6,6,7,7,6,6
3,7,12,1,1,3,2,2,1,4,2,2,4.0,4.0,1.0,3.0,1.0,3.0,3.0,3.0,2.0,1,2,3,4,1,1.0,2,3,"1.0,2.0",3.0,3.0,"2.0,4.0",1.0,2.0,3.0,1.0,1.0,2.0,2.0,"1.0,3.0","1.0,2.0",100,7,8,9,11,7,11,9,11
3,7,12,1,3,3,2,2,3,4,1,2,4.0,2.0,1.0,3.0,2.0,1.0,4.0,2.0,1.0,2,2,3,4,1,1.0,2,4,1.0,2.0,1.0,2.0,3.0,2.0,1.0,4.0,2.0,2.0,1.0,1.0,4.0,100,12,12,10,12,8,9,9,11
3,7,12,2,1,3,2,2,3,4,1,2,4.0,1.0,1.0,3.0,3.0,1.0,2.0,3.0,3.0,4,1,3,4,1,1.0,2,4,1.0,1.0,1.0,3.0,3.0,3.0,1.0,2.0,3.0,3.0,1.0,"1.0,4.0","2.0,3.0",100,17,17,16,16,17,19,14,16
3,7,12,3,8,3,2,1,3,4,1,2,4.0,1.0,1.0,3.0,3.0,1.0,2.0,2.0,2.0,2,2,3,4,1,1.0,2,4,1.0,2.0,1.0,1.0,4.0,2.0,1.0,2.0,3.0,2.0,1.0,"1.0,4.0","2.0,3.0",100,13,10,13,15,13,10,15,15
3,7,12,1,6,3,4,1,4,2,1,2,4.0,2.0,1.0,3.0,2.0,1.0,2.0,2.0,2.0,2,2,3,4,1,1.0,2,4,4.0,2.0,1.0,"3.0,4.0",3.0,3.0,1.0,2.0,3.0,2.0,1.0,"2.0,3.0","3.0,4.0",100,11,7,10,12,13,9,15,16
3,7,12,1,8,3,2,2,3,4,1,2,4.0,2.0,1.0,3.0,3.0,1.0,2.0,2.0,2.0,2,2,3,4,1,1.0,1,4,"3.0,4.0",2.0,1.0,"2.0,3.0",3.0,3.0,1.0,2.0,3.0,2.0,1.0,2.0,3.0,100,7,9,8,8,7,8,9,9
3,7,13,2,1,3,2,2,3,4,1,2,4.0,2.0,1.0,3.0,3.0,1.0,4.0,3.0,2.0,2,2,3,4,1,1.0,2,4,"1.0,4.0",3.0,1.0,"2.0,3.0",3.0,2.0,1.0,2.0,2.0,2.0,1.0,"1.0,4.0","2.0,3.0",82,16,15,14,18,15,17,13,18
3,7,13,2,2,3,2,2,3,4,1,2,4.0,1.0,1.0,3.0,2.0,1.0,2.0,3.0,2.0,2,2,3,4,1,1.0,2,4,"1.0,4.0",2.0,1.0,"2.0,3.0",3.0,3.0,1.0,2.0,3.0,2.0,1.0,"2.0,3.0","2.0,3.0",82,11,13,16,13,16,19,17,18
3,7,13,2,1,3,2,2,3,4,1,2,4.0,2.0,1.0,3.0,2.0,1.0,2.0,2.0,2.0,2,2,3,4,1,1.0,2,4,"1.0,4.0",,,nan,,,,,,,1.0,"1.0,4.0","2.0,3.0",82,20,21,18,17,17,17,15,18
3,7,13,1,1,3,2,2,4,4,1,2,4.0,3.0,2.0,3.0,2.0,3.0,4.0,1.0,4.0,2,2,2,4,1,2.0,2,4,"1.0,4.0",3.0,1.0,"3.0,4.0",3.0,3.0,1.0,1.0,2.0,2.0,2.0,"1.0,3.0","3.0,4.0",82,16,16,14,17,14,21,16,16
3,7,13,1,1,3,2,2,3,4,1,2,4.0,2.0,2.0,3.0,4.0,2.0,4.0,2.0,4.0,2,2,3,4,1,1.0,2,4,"2.0,3.0",2.0,1.0,3.0,3.0,2.0,3.0,,,,1.0,1.0,"2.0,3.0",82,13,15,11,13,16,16,13,15
3,7,13,2,1,3,2,3,3,3,2,3,3.0,4.0,3.0,4.0,4.0,4.0,4.0,4.0,3.0,2,2,3,4,1,1.0,2,4,"1.0,4.0",3.0,1.0,"2.0,3.0",3.0,2.0,1.0,2.0,3.0,2.0,1.0,3.0,"3.0,4.0",82,14,14,12,12,19,20,18,17
3,7,13,1,6,3,2,1,3,1,1,2,1.0,2.0,1.0,3.0,2.0,1.0,1.0,2.0,4.0,2,3,3,4,1,2.0,2,4,"1.0,4.0",3.0,1.0,"2.0,3.0",3.0,,,,,,2.0,"1.0,4.0","2.0,3.0",82,11,14,11,13,17,16,11,12
3,7,13,1,3,3,2,2,3,1,1,2,4.0,2.0,1.0,3.0,3.0,1.0,1.0,2.0,2.0,2,2,3,1,1,1.0,2,4,"1.0,4.0",2.0,1.0,"2.0,3.0",3.0,3.0,1.0,,,,1.0,"1.0,4.0","2.0,3.0",82,8,12,13,15,10,14,13,13
3,7,13,2,1,3,2,3,3,4,1,2,2.0,3.0,1.0,3.0,3.0,4.0,1.0,3.0,4.0,2,2,3,4,4,1.0,2,1,1.0,2.0,1.0,2.0,1.0,1.0,3.0,2.0,3.0,3.0,1.0,3.0,2.0,82,14,14,12,12,14,14,12,12
3,7,13,1,1,3,2,2,3,2,1,2,1.0,3.0,1.0,3.0,1.0,1.0,2.0,4.0,2.0,2,2,3,4,1,1.0,2,4,"1.0,4.0",2.0,1.0,"2.0,3.0",3.0,4.0,1.0,2.0,3.0,2.0,1.0,"2.0,3.0","2.0,3.0",82,10,18,12,17,18,20,18,16
3,7,13,1,8,3,2,2,3,4,1,2,4.0,2.0,,,,,,,,4,2,1,4,1,1.0,2,4,1.0,1.0,1.0,"3.0,4.0",3.0,2.0,1.0,2.0,3.0,2.0,1.0,"2.0,3.0",,82,15,15,14,13,13,16,17,16
3,7,13,3,1,3,2,2,3,4,1,2,1.0,4.0,1.0,3.0,2.0,3.0,1.0,2.0,3.0,2,4,1,4,1,1.0,2,1,1.0,2.0,1.0,"2.0,3.0",1.0,3.0,1.0,2.0,2.0,2.0,1.0,2.0,2.0,82,11,11,10,15,11,18,12,17
3,7,13,1,3,3,2,2,3,1,1,2,4.0,2.0,1.0,3.0,3.0,1.0,,,,2,2,3,4,1,1.0,2,1,"1.0,4.0",2.0,1.0,"2.0,3.0",3.0,3.0,1.0,2.0,3.0,2.0,1.0,"1.0,4.0","2.0,3.0",82,10,14,13,13,10,12,14,17
3,7,13,2,1,3,2,2,3,4,1,2,,,,,,,,,,2,2,3,4,4,1.0,2,1,1.0,2.0,1.0,2.0,1.0,1.0,3.0,2.0,3.0,3.0,1.0,,,82,14,13,14,14,14,14,12,12
3,7,13,2,1,3,2,2,3,4,1,2,1.0,,,,,,,,,2,2,3,4,1,1.0,2,3,nan,,,nan,,,,,,,1.0,1.0,,82,11,15,13,13,11,13,15,14
3,7,13,2,1,3,2,3,3,3,2,3,3.0,4.0,3.0,4.0,4.0,4.0,4.0,4.0,3.0,2,2,3,4,1,1.0,2,4,"1.0,4.0",3.0,1.0,"2.0,3.0",3.0,2.0,1.0,2.0,3.0,2.0,1.0,3.0,"3.0,4.0",82,14,14,12,12,19,20,18,17
3,7,13,2,6,3,2,2,3,4,1,2,4.0,3.0,1.0,3.0,,,,,,2,2,3,4,1,1.0,2,4,1.0,1.0,1.0,"2.0,3.0",3.0,3.0,1.0,2.0,3.0,2.0,1.0,"2.0,3.0","2.0,3.0",82,17,17,17,18,21,20,16,18
3,7,13,3,1,3,2,2,4,4,1,2,2.0,3.0,1.0,1.0,3.0,1.0,2.0,4.0,,2,4,1,4,1,1.0,2,1,1.0,2.0,1.0,"2.0,3.0",1.0,3.0,1.0,2.0,2.0,2.0,1.0,3.0,1.0,82,9,11,12,14,11,18,12,17
3,7,13,2,8,3,2,2,3,4,1,2,4.0,1.0,1.0,3.0,3.0,3.0,,,,2,2,3,4,1,2.0,2,4,"1.0,4.0",3.0,1.0,"2.0,3.0",3.0,2.0,3.0,1.0,1.0,1.0,2.0,"1.0,4.0",3.0,82,9,12,11,10,9,11,7,8
3,7,13,2,1,3,2,2,1,3,1,2,2.0,3.0,1.0,4.0,4.0,4.0,1.0,2.0,2.0,2,2,3,4,2,2.0,2,4,1.0,2.0,2.0,3.0,3.0,3.0,3.0,3.0,3.0,1.0,1.0,3.0,3.0,82,12,10,12,12,11,15,13,13
3,7,14,3,9,3,4,2,2,3,1,1,3.0,2.0,1.0,1.0,2.0,1.0,2.0,4.0,3.0,2,2,3,4,1,1.0,2,1,1.0,3.0,2.0,4.0,2.0,3.0,2.0,3.0,2.0,3.0,2.0,3.0,3.0,78,15,18,16,14,12,11,9,9
3,7,14,3,9,3,2,2,3,3,1,2,3.0,3.0,2.0,3.0,3.0,1.0,3.0,2.0,3.0,2,2,3,4,4,1.0,2,3,"2.0,3.0",3.0,3.0,"2.0,4.0",3.0,2.0,4.0,2.0,2.0,3.0,2.0,"1.0,3.0","2.0,4.0",78,8,9,12,14,11,13,12,12
3,7,14,3,9,3,3,1,3,4,1,2,2.0,3.0,1.0,3.0,2.0,1.0,3.0,1.0,4.0,3,2,2,2,1,2.0,1,1,2.0,3.0,1.0,2.0,1.0,4.0,1.0,1.0,4.0,3.0,1.0,2.0,"2.0,4.0",78,18,16,15,18,17,13,18,18
3,7,14,3,9,3,1,1,1,1,1,2,1.0,2.0,1.0,3.0,3.0,4.0,4.0,4.0,4.0,2,4,3,1,4,2.0,3,4,2.0,4.0,4.0,4.0,4.0,4.0,4.0,4.0,4.0,4.0,2.0,1.0,3.0,78,13,13,13,17,16,11,12,17
3,7,14,3,9,3,4,2,4,4,2,2,3.0,2.0,3.0,2.0,3.0,4.0,4.0,3.0,4.0,2,1,3,4,2,1.0,2,1,1.0,4.0,3.0,2.0,3.0,4.0,4.0,4.0,4.0,4.0,1.0,1.0,2.0,78,16,14,12,14,14,13,13,15
3,7,14,3,9,3,4,2,2,3,1,3,4.0,1.0,2.0,3.0,4.0,3.0,3.0,4.0,4.0,1,1,3,4,1,2.0,1,1,"3.0,4.0",2.0,1.0,"3.0,4.0",3.0,1.0,3.0,4.0,1.0,1.0,1.0,2.0,3.0,78,10,8,8,11,9,15,11,14
3,7,14,3,9,3,2,2,3,4,1,2,2.0,3.0,3.0,3.0,3.0,2.0,3.0,3.0,3.0,2,2,3,4,3,2.0,2,3,2.0,2.0,4.0,3.0,3.0,4.0,,,,,2.0,2.0,3.0,78,9,8,7,9,9,8,9,7
3,7,14,3,9,3,4,1,4,2,1,2,1.0,4.0,4.0,4.0,2.0,4.0,1.0,3.0,2.0,2,2,1,1,4,2.0,1,3,1.0,3.0,3.0,2.0,4.0,2.0,4.0,3.0,4.0,3.0,2.0,1.0,3.0,78,12,11,13,14,15,13,14,12
3,7,14,3,9,3,4,1,4,4,1,2,1.0,4.0,1.0,3.0,2.0,4.0,1.0,2.0,3.0,4,1,1,3,1,1.0,2,2,1.0,2.0,1.0,2.0,3.0,3.0,2.0,1.0,3.0,3.0,1.0,1.0,2.0,78,7,12,9,11,9,11,11,10
3,7,14,3,9,3,2,2,1,1,3,1,2.0,4.0,3.0,4.0,1.0,4.0,2.0,3.0,3.0,2,3,4,3,2,2.0,3,3,2.0,2.0,4.0,3.0,4.0,3.0,4.0,3.0,2.0,2.0,2.0,1.0,2.0,78,9,8,6,8,9,8,6,8
3,7,14,3,9,3,3,1,4,4,3,2,4.0,4.0,3.0,2.0,1.0,3.0,3.0,3.0,2.0,3,3,3,4,2,2.0,2,3,2.0,3.0,3.0,4.0,4.0,1.0,3.0,2.0,3.0,,2.0,2.0,1.0,78,8,8,9,9,14,11,15,12
3,7,14,3,9,3,4,1,4,2,1,2,1.0,4.0,4.0,4.0,2.0,4.0,1.0,2.0,4.0,2,2,1,3,4,1.0,2,3,4.0,2.0,4.0,2.0,4.0,1.0,4.0,4.0,3.0,3.0,1.0,1.0,3.0,78,12,11,11,12,13,10,13,13
3,7,14,3,9,3,4,2,3,2,1,1,2.0,1.0,1.0,1.0,4.0,4.0,3.0,2.0,2.0,2,1,3,4,1,2.0,2,4,2.0,3.0,1.0,2.0,4.0,1.0,4.0,1.0,2.0,3.0,1.0,1.0,"1.0,3.0",78,9,10,10,13,9,7,6,6
3,7,14,3,9,3,2,3,3,2,1,2,3.0,4.0,3.0,1.0,1.0,3.0,2.0,4.0,4.0,2,4,3,2,1,2.0,2,3,4.0,2.0,2.0,2.0,1.0,1.0,2.0,1.0,3.0,2.0,2.0,"2.0,4.0",2.0,78,12,16,12,13,13,15,17,17
3,7,14,3,9,3,2,3,3,1,1,2,1.0,1.0,4.0,4.0,4.0,3.0,2.0,2.0,4.0,2,2,4,1,2,1.0,2,1,2.0,2.0,3.0,"1.0,4.0",2.0,3.0,4.0,3.0,2.0,2.0,2.0,"1.0,2.0","1.0,2.0",78,17,16,11,16,17,15,13,16
3,7,14,3,9,3,2,2,3,4,1,2,4.0,2.0,3.0,3.0,3.0,4.0,4.0,1.0,3.0,2,1,3,4,1,1.0,2,1,4.0,2.0,1.0,"2.0,4.0",3.0,1.0,3.0,4.0,1.0,1.0,1.0,4.0,2.0,78,12,13,13,13,12,12,13,11
3,7,14,3,9,3,2,2,1,1,1,2,4.0,4.0,1.0,3.0,2.0,4.0,1.0,3.0,2.0,2,2,4,2,1,2.0,2,4,1.0,3.0,3.0,"2.0,3.0",1.0,2.0,3.0,2.0,3.0,2.0,2.0,3.0,1.0,78,10,10,11,17,12,11,15,14
3,7,14,3,9,3,2,1,1,2,2,2,1.0,1.0,2.0,3.0,4.0,3.0,4.0,3.0,3.0,4,1,1,4,1,2.0,2,2,4.0,2.0,1.0,3.0,1.0,4.0,4.0,4.0,4.0,3.0,2.0,1.0,2.0,78,9,13,9,10,12,13,13,16
3,8,15,2,1,3,2,2,3,1,1,2,2.0,3.0,1.0,3.0,4.0,1.0,2.0,2.0,1.0,2,2,3,4,1,1.0,2,4,"3.0,4.0",4.0,1.0,"3.0,4.0",2.0,2.0,1.0,2.0,4.0,2.0,1.0,1.0,3.0,70,15,16,13,14,14,13,12,14
3,8,15,2,3,3,2,2,3,4,1,2,3.0,3.0,2.0,1.0,4.0,2.0,1.0,3.0,1.0,2,2,3,4,1,1.0,2,2,1.0,2.0,2.0,4.0,1.0,1.0,3.0,3.0,2.0,1.0,2.0,"1.0,2.0",4.0,70,12,14,11,11,13,18,14,15
3,8,15,2,1,3,2,1,3,4,1,2,4.0,1.0,1.0,3.0,2.0,1.0,2.0,2.0,2.0,2,2,3,4,1,1.0,2,4,1.0,1.0,1.0,3.0,3.0,2.0,1.0,2.0,3.0,2.0,1.0,1.0,4.0,70,8,14,10,13,9,13,13,13
3,8,15,2,6,3,2,2,3,4,1,2,4.0,2.0,1.0,3.0,2.0,1.0,2.0,3.0,2.0,2,2,1,2,1,1.0,2,2,1.0,2.0,1.0,3.0,3.0,2.0,1.0,2.0,3.0,2.0,1.0,1.0,2.0,70,18,20,16,17,20,20,17,13
3,8,15,2,1,3,4,2,3,4,1,2,4.0,1.0,2.0,3.0,3.0,3.0,1.0,1.0,2.0,2,2,3,4,1,1.0,2,1,"3.0,4.0",3.0,1.0,"2.0,4.0",3.0,2.0,1.0,2.0,3.0,3.0,2.0,1.0,1.0,70,9,8,9,12,12,16,11,13
3,8,15,1,1,3,4,2,3,4,1,2,3.0,3.0,4.0,4.0,1.0,2.0,4.0,2.0,4.0,2,2,3,4,1,1.0,2,4,"1.0,4.0",2.0,1.0,"2.0,3.0",3.0,4.0,1.0,2.0,2.0,2.0,2.0,"1.0,4.0",2.0,70,14,14,12,12,10,13,15,16
3,8,15,1,1,3,2,2,3,4,1,2,4.0,3.0,4.0,4.0,1.0,2.0,4.0,2.0,2.0,2,2,3,4,1,1.0,3,4,1.0,2.0,1.0,"2.0,3.0",3.0,2.0,3.0,2.0,2.0,2.0,2.0,4.0,2.0,70,14,14,12,12,11,15,13,13
3,9,16,2,3,3,3,4,4,4,2,4,4.0,4.0,3.0,4.0,4.0,4.0,2.0,3.0,2.0,2,3,3,3,2,2.0,3,4,1.0,3.0,3.0,2.0,4.0,4.0,3.0,4.0,3.0,3.0,2.0,4.0,3.0,91,11,8,6,6,7,7,6,6
3,9,16,2,6,3,4,2,1,3,3,2,4.0,3.0,3.0,4.0,4.0,4.0,3.0,2.0,4.0,2,2,1,4,1,2.0,3,3,3.0,2.0,2.0,"2.0,3.0",2.0,3.0,4.0,1.0,3.0,4.0,2.0,3.0,3.0,91,16,14,15,14,19,14,10,12
3,9,16,2,1,3,2,1,3,4,1,2,3.0,1.0,3.0,3.0,3.0,3.0,3.0,3.0,3.0,2,2,3,4,1,1.0,2,3,"1.0,4.0",2.0,1.0,"2.0,3.0,4.0",3.0,3.0,1.0,2.0,3.0,2.0,1.0,1.0,3.0,91,21,21,18,18,21,21,18,18
3,9,16,3,8,3,2,1,4,2,1,2,1.0,1.0,2.0,4.0,4.0,4.0,2.0,2.0,3.0,2,1,3,4,1,2.0,2,4,2.0,4.0,2.0,"1.0,2.0",2.0,3.0,2.0,1.0,3.0,1.0,1.0,2.0,2.0,91,16,15,14,16,20,18,15,14
3,9,16,1,1,3,2,3,1,1,1,3,3.0,3.0,3.0,4.0,4.0,4.0,2.0,1.0,2.0,2,2,3,2,3,2.0,3,3,"2.0,3.0",3.0,3.0,4.0,4.0,4.0,4.0,4.0,3.0,4.0,2.0,2.0,4.0,91,9,12,9,13,14,15,12,12
3,9,16,2,1,3,2,1,4,2,1,2,1.0,4.0,2.0,3.0,3.0,3.0,3.0,2.0,2.0,2,1,4,3,2,2.0,2,1,1.0,2.0,3.0,1.0,2.0,4.0,4.0,4.0,4.0,1.0,1.0,2.0,3.0,91,13,11,13,15,13,12,14,13
3,9,16,1,3,3,2,1,4,2,1,2,4.0,3.0,1.0,3.0,1.0,4.0,4.0,2.0,3.0,2,1,2,1,1,1.0,2,2,4.0,3.0,1.0,4.0,2.0,1.0,3.0,4.0,2.0,4.0,2.0,1.0,1.0,91,11,11,13,11,10,15,12,11
3,9,16,2,6,3,2,2,3,4,1,2,4.0,4.0,1.0,2.0,3.0,1.0,2.0,2.0,3.0,2,2,3,4,1,1.0,2,4,1.0,2.0,1.0,nan,,,,,,,1.0,1.0,"2.0,3.0",91,16,13,13,16,17,15,12,17
3,9,16,1,3,3,1,2,3,4,1,2,2.0,2.0,1.0,4.0,2.0,4.0,4.0,2.0,3.0,2,2,3,4,1,2.0,2,4,1.0,1.0,1.0,"1.0,2.0",3.0,2.0,3.0,2.0,4.0,3.0,1.0,"1.0,3.0","3.0,4.0",91,11,13,13,9,14,20,17,16
3,9,16,2,1,3,2,2,1,4,1,2,3.0,3.0,1.0,1.0,4.0,1.0,2.0,3.0,4.0,3,2,3,3,1,2.0,4,3,4.0,4.0,4.0,4.0,4.0,3.0,4.0,4.0,3.0,4.0,1.0,"1.0,3.0","3.0,4.0",91,15,14,13,18,16,15,11,13
3,9,16,1,3,3,3,3,3,1,3,1,4.0,4.0,2.0,2.0,1.0,1.0,2.0,3.0,3.0,1,2,3,2,3,2.0,4,4,2.0,1.0,3.0,1.0,1.0,2.0,2.0,2.0,2.0,2.0,2.0,4.0,2.0,91,13,10,9,9,14,15,12,12
3,9,16,3,8,3,4,3,4,1,3,3,3.0,3.0,3.0,2.0,3.0,2.0,1.0,3.0,3.0,2,1,1,1,1,2.0,2,1,1.0,3.0,2.0,2.0,4.0,1.0,3.0,4.0,2.0,3.0,2.0,3.0,3.0,91,11,8,7,6,10,11,8,9
3,9,16,3,8,3,2,3,3,4,1,2,4.0,2.0,3.0,4.0,,,,,,4,3,4,4,1,2.0,2,1,3.0,2.0,1.0,4.0,3.0,2.0,3.0,2.0,3.0,2.0,2.0,2.0,4.0,91,9,14,10,13,11,15,10,14
3,9,16,1,3,3,2,1,2,2,1,1,2.0,3.0,3.0,3.0,4.0,4.0,2.0,3.0,3.0,4,3,3,4,1,2.0,4,4,2.0,2.0,4.0,2.0,4.0,4.0,4.0,4.0,4.0,4.0,2.0,1.0,2.0,91,15,12,13,16,8,7,9,8
3,10,17,2,6,1,4,2,1,2,2,2,4.0,4.0,2.0,3.0,4.0,1.0,2.0,2.0,4.0,2,2,1,4,1,2.0,2,2,1.0,2.0,1.0,1.0,3.0,4.0,1.0,2.0,3.0,2.0,1.0,1.0,3.0,91,15,15,12,12,14,14,13,12
3,10,17,2,6,1,2,2,3,4,1,2,2.0,3.0,4.0,3.0,1.0,4.0,3.0,4.0,3.0,2,4,3,3,1,2.0,4,4,4.0,3.0,4.0,2.0,2.0,3.0,3.0,1.0,1.0,3.0,1.0,2.0,2.0,91,15,8,11,16,17,10,11,15
3,10,17,1,1,1,2,1,1,2,1,2,1.0,1.0,2.0,1.0,1.0,1.0,4.0,2.0,2.0,4,2,4,4,4,1.0,2,4,1.0,4.0,1.0,1.0,2.0,4.0,1.0,2.0,2.0,1.0,2.0,1.0,1.0,91,17,13,13,15,20,14,18,16
3,10,17,1,1,1,2,1,4,1,1,2,4.0,3.0,3.0,2.0,4.0,4.0,4.0,3.0,4.0,4,2,1,1,1,2.0,4,3,2.0,4.0,2.0,2.0,1.0,1.0,1.0,1.0,1.0,1.0,2.0,2.0,2.0,91,12,15,15,15,13,15,18,16
3,10,17,2,3,1,1,3,1,3,1,1,2.0,3.0,3.0,1.0,4.0,4.0,4.0,3.0,1.0,4,2,4,4,4,1.0,2,4,1.0,4.0,1.0,1.0,2.0,4.0,1.0,2.0,2.0,1.0,2.0,3.0,2.0,91,14,16,13,17,15,17,17,17
3,10,17,1,3,1,1,3,4,4,3,2,3.0,4.0,1.0,3.0,1.0,3.0,3.0,4.0,4.0,2,4,3,4,1,2.0,2,2,3.0,4.0,1.0,"2.0,3.0,4.0",2.0,1.0,2.0,1.0,3.0,1.0,2.0,1.0,2.0,91,10,10,14,16,14,12,10,16
3,10,17,2,3,1,2,3,1,1,1,4,4.0,3.0,4.0,3.0,4.0,3.0,2.0,3.0,2.0,2,2,1,4,1,2.0,2,4,2.0,1.0,1.0,3.0,3.0,1.0,2.0,4.0,3.0,3.0,2.0,"2.0,4.0",3.0,91,18,18,14,14,18,16,15,17
3,10,17,2,6,1,4,2,3,4,1,2,4.0,1.0,2.0,2.0,2.0,1.0,1.0,2.0,2.0,4,1,4,2,1,2.0,2,1,1.0,1.0,2.0,1.0,1.0,1.0,1.0,2.0,4.0,3.0,2.0,1.0,4.0,91,13,15,12,12,13,11,14,11
3,10,17,1,2,1,2,2,3,2,2,2,3.0,3.0,1.0,3.0,1.0,1.0,3.0,4.0,3.0,2,2,4,4,4,1.0,2,4,1.0,4.0,2.0,2.0,1.0,3.0,3.0,3.0,4.0,1.0,1.0,1.0,2.0,91,9,13,14,16,10,11,18,17
3,10,17,1,6,1,4,3,4,1,3,2,3.0,3.0,3.0,4.0,1.0,4.0,2.0,4.0,4.0,4,4,4,1,4,2.0,2,2,2.0,1.0,3.0,4.0,3.0,3.0,4.0,3.0,4.0,2.0,2.0,2.0,2.0,91,14,17,14,13,17,16,17,17
3,10,17,1,1,1,2,2,1,4,1,2,3.0,3.0,3.0,3.0,2.0,3.0,1.0,3.0,3.0,2,2,3,4,1,2.0,2,4,3.0,1.0,3.0,"2.0,4.0",3.0,3.0,4.0,1.0,3.0,4.0,1.0,1.0,"3.0,4.0",91,10,16,14,14,9,12,13,14
3,10,17,2,3,1,1,2,2,4,1,3,2.0,4.0,4.0,3.0,4.0,1.0,2.0,3.0,2.0,2,4,3,3,1,2.0,2,2,3.0,4.0,1.0,"2.0,4.0",2.0,1.0,2.0,3.0,3.0,1.0,2.0,2.0,3.0,91,14,16,14,18,10,10,10,14
3,10,17,1,1,1,2,1,4,2,3,1,3.0,4.0,4.0,3.0,3.0,1.0,3.0,4.0,3.0,4,4,1,2,1,2.0,2,1,1.0,3.0,2.0,2.0,1.0,3.0,4.0,4.0,4.0,2.0,2.0,4.0,4.0,91,17,14,16,14,11,10,9,6
3,10,17,3,1,1,2,2,1,4,1,2,1.0,4.0,4.0,1.0,4.0,1.0,1.0,4.0,3.0,2,2,4,4,4,1.0,2,4,1.0,4.0,2.0,2.0,1.0,3.0,3.0,3.0,4.0,1.0,2.0,2.0,2.0,91,15,14,14,18,13,12,12,16
3,10,17,3,6,1,2,4,2,3,3,2,3.0,1.0,2.0,4.0,3.0,1.0,4.0,2.0,3.0,4,2,1,1,1,2.0,4,2,2.0,4.0,2.0,2.0,1.0,1.0,1.0,1.0,1.0,1.0,2.0,1.0,4.0,91,16,15,11,14,13,11,16,16
3,10,17,1,1,1,2,2,3,4,1,2,3.0,1.0,1.0,1.0,4.0,3.0,3.0,3.0,3.0,4,2,3,4,1,2.0,2,4,2.0,4.0,1.0,1.0,3.0,2.0,3.0,4.0,2.0,3.0,2.0,2.0,1.0,91,19,17,13,16,18,16,15,17
